Entry,Urine,Plasma,Serum,Max,DeltaUrine,DeltaSerum,DeltaPlasma,FlagUrine,FlagSerum,FlagPlasma
A0A5F5XCT0_FELCA,31.5,31.6,31.5,31.6,0.1,0,0.1,0,0,0
M3W0W4_FELCA,20,19.9,20.2,20.2,0.2,0.3,0.2,0,0,0
M3W3E7_FELCA,24.3,25.7,25.6,25.7,1.4,0,1.4,1,0,1
A0A5F5Y1U9_FELCA,26.6,30.6,30.6,30.6,4,0,4,1,0,1
A0A5F5Y328_FELCA,17.5,19.4,19.7,19.7,2.2,0.3,2.2,1,0,1
A0A337S3K5_FELCA,22.3,26.7,26.8,26.8,4.5,0.1,4.5,1,0,1
M3WN23_FELCA,19.1,11.6,11.3,19.1,0,7.5,0,0,1,0
A0A337S6A5_FELCA,21.8,22.8,18.3,22.8,1,0,1,1,0,1
A0A337RXE3_FELCA,25.8,20.8,21,25.8,0,5,0,0,1,0
A0A337SDS2_FELCA,20.1,19.2,18.6,20.1,0,0.9,0,0,0,0
A0A337S133_FELCA,17.8,18.8,18.2,18.8,1,0,1,1,0,1
A0A337S9Y6_FELCA,19,10.2,11,19,0,8.8,0,0,1,0
M3W0B5_FELCA,20.8,18.8,19.4,20.8,0,2,0,0,1,0
A0A5F5XDQ7_FELCA,20.5,17.9,18.7,20.5,0,2.6,0,0,1,0
A0A5F5XYF2_FELCA,17.1,14,14.5,17.1,0,3.1,0,0,1,0
M3VZ88_FELCA,13.5,11,11.7,13.5,0,2.5,0,0,1,0
A0A5F5XZX3_FELCA,18.7,16.3,16.1,18.7,0,2.4,0,0,1,0
A0A2I2UTZ7_FELCA,26.6,25.6,25.8,26.6,0,1,0,0,1,0
ACE2_FELCA,30,23.6,23.7,30,0,6.4,0,0,1,0
A0A337S319_FELCA,18.5,18.9,14.5,18.9,0.4,0,0.4,0,0,0
M3VWD8_FELCA,21.4,23.7,22.1,23.7,2.3,0,2.3,1,0,1
A0A5F5XXE9_FELCA,19.6,19.3,20.4,20.4,0.8,1.1,0.8,0,1,0
A0A337S8L4_FELCA,19.6,16.8,17.7,19.6,0,2.8,0,0,1,0
A0A337S165_FELCA,22.6,20.3,19.7,22.6,0,2.3,0,0,1,0
A0A337SAA6_FELCA,19.6,17.3,18.1,19.6,0,2.3,0,0,1,0
A0A2I2UHD0_FELCA,14.8,17.4,15.4,17.4,2.6,0,2.6,1,0,1
A0A5F5XWN0_FELCA,22.6,18.5,18.4,22.6,0,4.1,0,0,1,0
A0A5F5XDM4_FELCA,26.5,23.6,23.6,26.5,0,2.9,0,0,1,0
M3W6I2_FELCA,22.5,19.9,19.9,22.5,0,2.6,0,0,1,0
A0A337SCW1_FELCA,26.3,23.2,23.2,26.3,0,3.1,0,0,1,0
A0A2I2U3E4_FELCA,22.9,21.3,21.3,22.9,0,1.6,0,0,1,0
M3W8V8_FELCA,19.8,14.8,14.3,19.8,0,5,0,0,1,0
A0A337RUC4_FELCA,24.6,17.8,17,24.6,0,6.8,0,0,1,0
M3VUE2_FELCA,20.6,17,18.4,20.6,0,3.6,0,0,1,0
A0A337RV46_FELCA,23.7,21.8,21.9,23.7,0,1.9,0,0,1,0
A0A337SC15_FELCA,21.5,18.3,18.6,21.5,0,3.2,0,0,1,0
A0A2I2UWI1_FELCA,21.8,20.5,20.5,21.8,0,1.3,0,0,1,0
A0A2I2V2H3_FELCA,14.3,11.5,11,14.3,0,2.8,0,0,1,0
A0A337S9H1_FELCA,18.6,14.2,13.9,18.6,0,4.4,0,0,1,0
M3X5J0_FELCA,18.6,19.1,18.1,19.1,0.5,0,0.5,0,0,0
A0A5F5XCM7_FELCA,22.2,13.8,14,22.2,0,8.4,0,0,1,0
M3WNU5_FELCA,19.8,17.7,17.7,19.8,0,2.1,0,0,1,0
M3VVC4_FELCA,21.3,20.5,20.1,21.3,0,0.8,0,0,0,0
A0A337SUP1_FELCA,23,12.1,12.3,23,0,10.9,0,0,1,0
A0A5F5XF14_FELCA,21.2,14.4,14,21.2,0,6.8,0,0,1,0
A0A2I2UTI9_FELCA,19.7,20,19.7,20,0.3,0,0.3,0,0,0
A0A2I2UM02_FELCA,23.8,19.8,19.9,23.8,0,4,0,0,1,0
A0A5F5XG72_FELCA,22.6,20.3,20.7,22.6,0,2.3,0,0,1,0
A0A2I2U088_FELCA,18.8,17.5,17.8,18.8,0,1.3,0,0,1,0
A0A2I2UB34_FELCA,25.1,19.7,19.8,25.1,0,5.4,0,0,1,0
A0A2I2U0D3_FELCA,21.7,20.4,20.7,21.7,0,1.3,0,0,1,0
A0A2I2U5R8_FELCA,22.9,16.7,16.5,22.9,0,6.2,0,0,1,0
A0A337SL34_FELCA,19.9,15.8,15.8,19.9,0,4.1,0,0,1,0
A0A3B0IPC1_FELCA,19.9,24.2,24.3,24.3,4.4,0.1,4.4,1,0,1
A0A3B0J2D0_FELCA,20.6,24.3,24.3,24.3,3.7,0,3.7,1,0,1
A0A337SQU4_FELCA,18.8,19.4,19.9,19.9,1.1,0.5,1.1,1,0,1
A0A2I2U1Z3_FELCA,26.2,28.8,28.7,28.8,2.6,0,2.6,1,0,1
M3XC81_FELCA,19.7,18.9,19.6,19.7,0,0.8,0,0,0,0
M3X557_FELCA,20.2,21.6,21.7,21.7,1.5,0.1,1.5,1,0,1
A0A5F5XS55_FELCA,23.5,19.3,19,23.5,0,4.2,0,0,1,0
M3X0F1_FELCA,19.6,16,16.1,19.6,0,3.6,0,0,1,0
Q6KCA0_FELCA,26.1,27.3,27,27.3,1.2,0,1.2,1,0,1
A0A5F5XI81_FELCA,21.7,20,18.9,21.7,0,1.7,0,0,1,0
A0A2I2UUP6_FELCA,31.8,28.1,28,31.8,0,3.7,0,0,1,0
A0A2I2U551_FELCA,19.7,17,17.7,19.7,0,2.7,0,0,1,0
A0A337SD37_FELCA,28.3,30.8,30.8,30.8,2.5,0,2.5,1,0,1
A0A5F5XVZ8_FELCA,20.5,16.4,15.2,20.5,0,4.1,0,0,1,0
A0A5F5XHI8_FELCA,23.1,20.8,20.2,23.1,0,2.3,0,0,1,0
A0A5F5XWS8_FELCA,22.7,19.7,19.8,22.7,0,3,0,0,1,0
A0A5F5XQC7_FELCA,15.5,11.4,10.3,15.5,0,4.1,0,0,1,0
M3WA76_FELCA,21,19.5,20.1,21,0,1.5,0,0,1,0
ALBU_FELCA,35.1,36.6,36.6,36.6,1.5,0,1.5,1,0,1
A0A2I2U7Y0_FELCA,29.8,31.5,31.4,31.5,1.7,0,1.7,1,0,1
A0A2I2UX74_FELCA,24.1,22.7,21.7,24.1,0,1.4,0,0,1,0
M3WAV4_FELCA,24.7,23.9,24.4,24.7,0,0.8,0,0,0,0
A0A337RUT4_FELCA,20.2,11.3,12.9,20.2,0,8.9,0,0,1,0
A0A337STY8_FELCA,18.1,14.9,14.1,18.1,0,3.2,0,0,1,0
A0A337RWN1_FELCA,12.7,11.3,13,13,0.3,1.7,0.3,0,1,0
A0A337S2J9_FELCA,21.7,19.5,19.4,21.7,0,2.2,0,0,1,0
A0A337SF20_FELCA,17.3,19.7,17,19.7,2.4,0,2.4,1,0,1
M3W1Z4_FELCA,21.9,20.1,19.7,21.9,0,1.8,0,0,1,0
A0A337S416_FELCA,24.7,23.5,23.6,24.7,0,1.2,0,0,1,0
A0A5F5XME0_FELCA,24.8,22,21.1,24.8,0,2.8,0,0,1,0
A0A337SRA7_FELCA,20.3,15.3,15.2,20.3,0,5,0,0,1,0
PPBT_FELCA,25.7,22,22,25.7,0,3.7,0,0,1,0
A0A337SNZ0_FELCA,23.1,22.1,22,23.1,0,1,0,0,1,0
A0A337SBE3_FELCA,24.6,22.6,22.4,24.6,0,2,0,0,1,0
A0A5F5Y013_FELCA,26.3,25.6,25.6,26.3,0,0.7,0,0,0,0
M3X5H0_FELCA,20.2,17.7,17.5,20.2,0,2.5,0,0,1,0
A0A337SEZ4_FELCA,23.5,22.3,22.2,23.5,0,1.2,0,0,1,0
M3X749_FELCA,23.6,19.6,19.7,23.6,0,4,0,0,1,0
A0A5F5XNX6_FELCA,22.8,21.1,21.5,22.8,0,1.7,0,0,1,0
M3WA23_FELCA,26.8,23.2,23.3,26.8,0,3.6,0,0,1,0
M3WET8_FELCA,27.1,20,20,27.1,0,7.1,0,0,1,0
A0A5F5Y1K1_FELCA,23.7,18,18.3,23.7,0,5.7,0,0,1,0
A0A337SS27_FELCA,21.1,18.4,17.9,21.1,0,2.7,0,0,1,0
AMPN_FELCA,26.6,23.4,23.4,26.6,0,3.2,0,0,1,0
A0A337SIV7_FELCA,25.4,20,20.2,25.4,0,5.4,0,0,1,0
A0A337SPR7_FELCA,18,19,19,19,1,0,1,1,0,1
A0A5F5XLK1_FELCA,20.3,18.2,19.2,20.3,0,2.1,0,0,1,0
M3W3I3_FELCA,19.5,14.7,14.6,19.5,0,4.8,0,0,1,0
A0A5F5XPA1_FELCA,26,21.9,22,26,0,4.1,0,0,1,0
M3XFZ3_FELCA,20,11.6,11,20,0,8.4,0,0,1,0
A0A337SIG2_FELCA,22.6,20.5,20.6,22.6,0,2.1,0,0,1,0
A0A337SCD2_FELCA,24.5,20.8,21.1,24.5,0,3.7,0,0,1,0
A0A337S137_FELCA,24.9,22,22.3,24.9,0,2.9,0,0,1,0
A0A337S5C0_FELCA,22.9,21.5,21.4,22.9,0,1.4,0,0,1,0
A0A5F5Y7J8_FELCA,17.6,14.8,15.2,17.6,0,2.8,0,0,1,0
A0A337SBJ0_FELCA,21.4,18.4,17,21.4,0,3,0,0,1,0
A0A337SF88_FELCA,23.2,20.1,20.7,23.2,0,3.1,0,0,1,0
A0A5F5XRH7_FELCA,23.1,21.3,21.3,23.1,0,1.8,0,0,1,0
A0A2I2UN04_FELCA,23.2,22.1,22.2,23.2,0,1.1,0,0,1,0
A0A2I2U0U5_FELCA,14.9,15.2,15.7,15.7,0.8,0.5,0.8,0,0,0
A0A337SWK3_FELCA,23.6,22,21.9,23.6,0,1.6,0,0,1,0
A0A2I2U7C2_FELCA,18.7,15.3,12.7,18.7,0,3.4,0,0,1,0
A0A337SCH1_FELCA,27.7,32.3,32.3,32.3,4.6,0,4.6,1,0,1
A0A5F5XCW1_FELCA,26.5,31.1,31.1,31.1,4.6,0,4.6,1,0,1
M3W2J4_FELCA,25.3,29.2,29,29.2,3.9,0,3.9,1,0,1
A0A5F5XQY3_FELCA,21.8,18.4,18.9,21.8,0,3.4,0,0,1,0
A0A2I2UM58_FELCA,24,21.5,21.8,24,0,2.5,0,0,1,0
A0A337S837_FELCA,27.4,33.1,33.4,33.4,6,0.3,6,1,0,1
M3WPG6_FELCA,23.7,30.1,30.4,30.4,6.7,0.3,6.7,1,0,1
APOA4_FELCA,25.1,28.7,29.1,29.1,4,0.4,4,1,0,1
A0A337SHX7_FELCA,26.6,26.2,26.2,26.6,0,0.4,0,0,0,0
APOC1_FELCA,21.8,24.7,24.8,24.8,3,0.1,3,1,0,1
M3WNX1_FELCA,21.7,26.5,26.4,26.5,4.8,0,4.8,1,0,1
M3WSC8_FELCA,23.6,30,30,30,6.4,0,6.4,1,0,1
M3W2V3_FELCA,13.5,23.6,23.6,23.6,10.1,0,10.1,1,0,1
M3X8P7_FELCA,23.8,27,27.2,27.2,3.4,0.2,3.4,1,0,1
A0A5F5XHD8_FELCA,27.2,30.5,30.5,30.5,3.3,0,3.3,1,0,1
A0A5F5XPI7_FELCA,27.3,26.5,26.7,27.3,0,0.8,0,0,0,0
A0A2I2U3L7_FELCA,22.8,27,27.2,27.2,4.4,0.2,4.4,1,0,1
M3W828_FELCA,20.1,24.5,24.8,24.8,4.7,0.3,4.7,1,0,1
A0A0A0MPX8_FELCA,24.8,20.5,21,24.8,0,4.3,0,0,1,0
A0A2I2UMH4_FELCA,19.8,20.5,20.4,20.5,0.7,0,0.7,0,0,0
A0A2I2UAM6_FELCA,22.8,18,17.7,22.8,0,4.8,0,0,1,0
A0A2I2U5A2_FELCA,23.3,20.6,20.1,23.3,0,2.7,0,0,1,0
M3VUM2_FELCA,20.7,16.9,17.9,20.7,0,3.8,0,0,1,0
A0A2I2U8Y1_FELCA,21.3,18.9,18.7,21.3,0,2.4,0,0,1,0
M3VXU3_FELCA,17.1,15.3,15.4,17.1,0,1.8,0,0,1,0
A0A2I2UBL3_FELCA,21.8,18.7,19.1,21.8,0,3.1,0,0,1,0
A0A2I2UL98_FELCA,14,15,13.8,15,1,0,1,1,0,1
M3WSL5_FELCA,18.6,16.7,17,18.6,0,1.9,0,0,1,0
M3WMY0_FELCA,17.9,17.2,17,17.9,0,0.7,0,0,0,0
M3XEH2_FELCA,22.5,19.5,19.3,22.5,0,3,0,0,1,0
A0A5F5Y690_FELCA,20.9,19.3,18.9,20.9,0,1.6,0,0,1,0
M3WDK2_FELCA,23.8,19.7,19.9,23.8,0,4.1,0,0,1,0
A0A5F5XKR0_FELCA,19,20.2,18.5,20.2,1.2,0,1.2,1,0,1
M3XAU5_FELCA,22.7,19.8,19.6,22.7,0,2.9,0,0,1,0
A0A2I2UC45_FELCA,22.3,21.1,21.2,22.3,0,1.2,0,0,1,0
M3XDK8_FELCA,24,19.7,19.4,24,0,4.3,0,0,1,0
A0A2I2V0N3_FELCA,29,21,21.3,29,0,8,0,0,1,0
A0A5F5XFU3_FELCA,16.8,21.8,21.8,21.8,5,0,5,1,0,1
A0A337SSG0_FELCA,19,16.3,16.2,19,0,2.7,0,0,1,0
A0A337SX21_FELCA,19.9,12.2,13.1,19.9,0,7.7,0,0,1,0
A0A337SAN3_FELCA,20,13.6,15,20,0,6.4,0,0,1,0
A0A2I2U788_FELCA,20.6,21.6,21.9,21.9,1.3,0.3,1.3,1,0,1
M3WLS9_FELCA,21.6,20.8,20.6,21.6,0,0.8,0,0,0,0
M3WWN6_FELCA,20.6,17.6,17,20.6,0,3,0,0,1,0
M3W3H5_FELCA,20.7,18.4,19.2,20.7,0,2.3,0,0,1,0
M3W551_FELCA,27.1,19.9,20.2,27.1,0,7.2,0,0,1,0
A0A2I2UGY1_FELCA,24.5,20.6,20.8,24.5,0,3.9,0,0,1,0
M3WB86_FELCA,24.3,25,24.7,25,0.7,0,0.7,0,0,0
M3WZB0_FELCA,19.4,20.3,19.5,20.3,0.9,0,0.9,0,0,0
M3WF16_FELCA,22.1,14.8,13.5,22.1,0,7.3,0,0,1,0
A0A337SFQ2_FELCA,23.2,23.1,22.8,23.2,0,0.1,0,0,0,0
A0A2I2UMK7_FELCA,18.5,16.7,17.7,18.5,0,1.8,0,0,1,0
A0A5F5XUE7_FELCA,18,14.5,14.6,18,0,3.5,0,0,1,0
A0A337SG88_FELCA,20,19.8,19.1,20,0,0.2,0,0,0,0
A0A2I2U1C8_FELCA,23,21.4,21.4,23,0,1.6,0,0,1,0
A0A2I2V4V3_FELCA,23,21.7,22.1,23,0,1.3,0,0,1,0
A0A337SKQ1_FELCA,19.7,18.3,18.9,19.7,0,1.4,0,0,1,0
A0A337SK67_FELCA,20.2,17.3,16.8,20.2,0,2.9,0,0,1,0
A0A2I2V0F1_FELCA,19.4,12.6,13.1,19.4,0,6.8,0,0,1,0
A0A337SHV5_FELCA,17.5,15.9,17.5,17.5,0,1.6,0,0,1,0
A0A337SFT2_FELCA,27.1,26.6,26.9,27.1,0,0.5,0,0,0,0
A0A2I2U5X4_FELCA,19.6,13.1,13.2,19.6,0,6.5,0,0,1,0
A0A2I2UTQ4_FELCA,25.9,20.9,20.5,25.9,0,5,0,0,1,0
B2MG_FELCA,26.3,21.5,21.5,26.3,0,4.8,0,0,1,0
M3WAQ7_FELCA,24.5,22.4,22.6,24.5,0,2.1,0,0,1,0
A0A2I2UH51_FELCA,22.7,20.5,21,22.7,0,2.2,0,0,1,0
A0A5F5XM71_FELCA,21.3,18.2,18.3,21.3,0,3.1,0,0,1,0
M3WQ57_FELCA,25.7,23.8,24.3,25.7,0,1.9,0,0,1,0
A0A2I2V0L4_FELCA,21,19.9,19.9,21,0,1.1,0,0,1,0
A0A5F5XSY0_FELCA,20.3,22.5,22.7,22.7,2.4,0.2,2.4,1,0,1
A0A337S942_FELCA,23.1,21.4,17.1,23.1,0,1.7,0,0,1,0
A0A337STZ5_FELCA,19.7,21,20.4,21,1.3,0,1.3,1,0,1
M3W2U8_FELCA,26.9,21.7,22,26.9,0,5.2,0,0,1,0
A0A2I2UQE2_FELCA,17.3,18.9,19.2,19.2,1.9,0.3,1.9,1,0,1
A0A2I2U2A7_FELCA,12.1,14.7,14.8,14.8,2.7,0.1,2.7,1,0,1
A0A5F5XI01_FELCA,20.8,19,19.6,20.8,0,1.8,0,0,1,0
A0A5F5XF81_FELCA,19.1,13.9,14.6,19.1,0,5.2,0,0,1,0
A0A2I2UZ39_FELCA,20.3,18.2,18.1,20.3,0,2.1,0,0,1,0
A0A337SQ46_FELCA,24.1,20.5,22,24.1,0,3.6,0,0,1,0
M3VVW0_FELCA,20.1,20,21.2,21.2,1.1,1.2,1.1,1,1,1
M3XCQ9_FELCA,16.3,13.9,16.1,16.3,0,2.4,0,0,1,0
A0A2I2U0V3_FELCA,21.5,18.1,18.1,21.5,0,3.4,0,0,1,0
M3VUA4_FELCA,16,20.6,21.3,21.3,5.3,0.7,5.3,1,0,1
M3WM50_FELCA,21.7,22.6,21,22.6,0.9,0,0.9,0,0,0
A0A2I2UYJ3_FELCA,14.9,16.1,15.6,16.1,1.2,0,1.2,1,0,1
A0A5F5XJH2_FELCA,22.1,21.3,20.3,22.1,0,0.8,0,0,0,0
A0A5F5XRG8_FELCA,21.8,18.4,18.6,21.8,0,3.4,0,0,1,0
A0A337S935_FELCA,14.1,18.9,17.3,18.9,4.8,0,4.8,1,0,1
A0A5F5XCB9_FELCA,24.8,20.6,20.8,24.8,0,4.2,0,0,1,0
A0A2I2UA49_FELCA,24.1,20.1,20.1,24.1,0,4,0,0,1,0
A0A2I2U769_FELCA,20.7,21.9,22.3,22.3,1.6,0.4,1.6,1,0,1
A0A2I2U4L9_FELCA,24.8,24.4,24.3,24.8,0,0.4,0,0,0,0
A0A337SAQ9_FELCA,20.7,18.2,18.3,20.7,0,2.5,0,0,1,0
A0A2I2V139_FELCA,17.5,20.1,18.1,20.1,2.6,0,2.6,1,0,1
M3WS63_FELCA,23.7,23.9,23.9,23.9,0.2,0,0.2,0,0,0
A0A337SJG7_FELCA,18.9,24.3,24.4,24.4,5.5,0.1,5.5,1,0,1
A0A5F5XD66_FELCA,18.5,12.8,13.7,18.5,0,5.7,0,0,1,0
A0A337SDE6_FELCA,24.1,24.5,25.5,25.5,1.4,1,1.4,1,1,1
A0A337S217_FELCA,19.2,24.1,25.1,25.1,5.9,1,5.9,1,1,1
A0A5F5XHF5_FELCA,22.2,25.8,26.4,26.4,4.2,0.6,4.2,1,0,1
A0A2I2V4P2_FELCA,25.6,25.4,25.5,25.6,0,0.2,0,0,0,0
A0A5F5Y0X6_FELCA,23.9,25.4,25.4,25.4,1.5,0,1.5,1,0,1
A0A5F5Y5F1_FELCA,19.6,21.5,20.3,21.5,1.9,0,1.9,1,0,1
M3WJK3_FELCA,21.8,24,23.8,24,2.2,0,2.2,1,0,1
A0A5F5Y442_FELCA,23.1,25.5,25.4,25.5,2.4,0,2.4,1,0,1
M3WJK2_FELCA,20.6,21,20.9,21,0.4,0,0.4,0,0,0
M3VV58_FELCA,24.3,26.2,26.2,26.2,1.9,0,1.9,1,0,1
M3WLH3_FELCA,23,23.2,23.2,23.2,0.2,0,0.2,0,0,0
A0A5F5XTG9_FELCA,26.4,27,27.5,27.5,1.1,0.5,1.1,1,0,1
A0A5F5XPJ5_FELCA,24.5,25,25.4,25.4,0.9,0.4,0.9,0,0,0
M3W158_FELCA,15.8,16.7,17.5,17.5,1.7,0.8,1.7,1,0,1
A0A2I2U5W5_FELCA,22.9,25.9,26.2,26.2,3.3,0.3,3.3,1,0,1
M3VUN7_FELCA,21.8,24.7,25.2,25.2,3.4,0.5,3.4,1,0,1
M3WI95_FELCA,24.1,27.2,27.4,27.4,3.3,0.2,3.3,1,0,1
A0A2I2U5V0_FELCA,23.9,20.7,21,23.9,0,3.2,0,0,1,0
A0A5F5XSK3_FELCA,21.2,26.2,26.4,26.4,5.2,0.2,5.2,1,0,1
A0A5F5Y3X9_FELCA,21.4,20.3,20.1,21.4,0,1.1,0,0,1,0
M3WTZ2_FELCA,21.4,20.8,21.8,21.8,0.4,1,0.4,0,1,0
A0A5F5XMJ0_FELCA,25.8,24.3,25.3,25.8,0,1.5,0,0,1,0
M3WS40_FELCA,25,20,20.3,25,0,5,0,0,1,0
M3WAR8_FELCA,24.4,19.5,19.4,24.4,0,4.9,0,0,1,0
A0A2I2U448_FELCA,20.3,18.4,18.7,20.3,0,1.9,0,0,1,0
M3WKE5_FELCA,19.3,16.2,16.7,19.3,0,3.1,0,0,1,0
A0A2I2U2E0_FELCA,24.8,27.2,26.2,27.2,2.4,0,2.4,1,0,1
A0A2I2UR43_FELCA,23.6,18.3,18.2,23.6,0,5.3,0,0,1,0
A0A2I2UUH5_FELCA,20.9,22.5,22.2,22.5,1.6,0,1.6,1,0,1
M3WMA2_FELCA,24.2,20.1,20.6,24.2,0,4.1,0,0,1,0
A0A2I2ULF8_FELCA,26.8,19.1,19.4,26.8,0,7.7,0,0,1,0
A0A337RZZ8_FELCA,19.4,18,18.2,19.4,0,1.4,0,0,1,0
A0A337SVD2_FELCA,21.6,19.2,19.8,21.6,0,2.4,0,0,1,0
A0A337SJA7_FELCA,20,17.8,17.9,20,0,2.2,0,0,1,0
M3VUU7_FELCA,23.8,24.6,24,24.6,0.8,0,0.8,0,0,0
A0A2I2U8F6_FELCA,22.8,22.3,23.1,23.1,0.3,0.8,0.3,0,0,0
A0A2I2U457_FELCA,21.3,18.8,19.7,21.3,0,2.5,0,0,1,0
A0A2I2UC97_FELCA,19.1,19.3,19,19.3,0.2,0,0.2,0,0,0
F1C962_FELCA,30.1,25.6,25.7,30.1,0,4.5,0,0,1,0
A0A2I2U679_FELCA,28.8,21.5,21.7,28.8,0,7.3,0,0,1,0
A0A2I2U787_FELCA,19.5,12.9,11.6,19.5,0,6.6,0,0,1,0
M3XEV5_FELCA,23.1,23.8,22.1,23.8,0.7,0,0.7,0,0,0
M3WK60_FELCA,15.5,18.6,17,18.6,3.1,0,3.1,1,0,1
CAZA2_FELCA,19.7,11.7,12.2,19.7,0,8,0,0,1,0
A0A337S7D7_FELCA,19.3,16.1,16.6,19.3,0,3.2,0,0,1,0
A0A5F5XBX1_FELCA,10.9,20,19.9,20,9.1,0,9.1,1,0,1
M3X6G1_FELCA,19.7,15.5,15.6,19.7,0,4.2,0,0,1,0
A0A337S4Q8_FELCA,22.6,16.6,16.9,22.6,0,6,0,0,1,0
M3W7W5_FELCA,20.2,20.3,19.8,20.3,0.1,0,0.1,0,0,0
A0A337S4U7_FELCA,18.4,15.5,16.6,18.4,0,2.9,0,0,1,0
A0A337SFW3_FELCA,18.2,17.4,17.5,18.2,0,0.8,0,0,0,0
A0A2I2U794_FELCA,17,14.4,14.6,17,0,2.6,0,0,1,0
A0A2I2U1I0_FELCA,20.3,20.6,20.5,20.6,0.3,0,0.3,0,0,0
M3WGB1_FELCA,16.3,16.6,17.8,17.8,1.5,1.2,1.5,1,1,1
M3WCI9_FELCA,19.7,22.6,22.1,22.6,2.9,0,2.9,1,0,1
M3WX79_FELCA,21.4,19,19.2,21.4,0,2.4,0,0,1,0
A0A337S566_FELCA,24.7,19.9,20.8,24.7,0,4.8,0,0,1,0
A0A2I2UV24_FELCA,27.5,18.5,19.2,27.5,0,9,0,0,1,0
A0A337SGQ6_FELCA,22.1,17.7,17.2,22.1,0,4.4,0,0,1,0
A0A337S736_FELCA,15.1,13.8,13.4,15.1,0,1.3,0,0,1,0
A0A337SB54_FELCA,26.9,17.9,18.6,26.9,0,9,0,0,1,0
M3VWC6_FELCA,24,24.3,24.2,24.3,0.3,0,0.3,0,0,0
M3VZG5_FELCA,22.2,22.6,22.8,22.8,0.6,0.2,0.6,0,0,0
A0A2I2UYP6_FELCA,20.9,18.6,19.5,20.9,0,2.3,0,0,1,0
A0A337SMM1_FELCA,18.2,16.3,16.2,18.2,0,1.9,0,0,1,0
A0A2I2U7D8_FELCA,23.4,21.9,22,23.4,0,1.5,0,0,1,0
M3W8D8_FELCA,21.3,16.5,16.1,21.3,0,4.8,0,0,1,0
A0A5F5XNG4_FELCA,27.1,20.2,20.6,27.1,0,6.9,0,0,1,0
A0A5F5Y5L0_FELCA,22.2,13.9,14.7,22.2,0,8.3,0,0,1,0
A0A2I2UYF4_FELCA,22,17.4,17.9,22,0,4.6,0,0,1,0
M3XCH2_FELCA,17,14.3,15.9,17,0,2.7,0,0,1,0
A0A337S6R6_FELCA,25.9,18.4,18.7,25.9,0,7.5,0,0,1,0
A0A5F5Y2H9_FELCA,21.7,16.9,16.4,21.7,0,4.8,0,0,1,0
A0A337S4N5_FELCA,19.2,16.3,17.1,19.2,0,2.9,0,0,1,0
A0A2I2UH63_FELCA,28,20.9,20.9,28,0,7.1,0,0,1,0
A0A337SX28_FELCA,17.8,16.6,16.4,17.8,0,1.2,0,0,1,0
A0A5F5XDA0_FELCA,18.9,14,12.7,18.9,0,4.9,0,0,1,0
A0A5F5XQT8_FELCA,32.4,20.7,20.8,32.4,0,11.7,0,0,1,0
A0A1E1GEV5_FELCA,18.6,22.2,21.4,22.2,3.6,0,3.6,1,0,1
A0A1E1GEW8_FELCA,17.8,16.9,15.9,17.8,0,0.9,0,0,0,0
CD63_FELCA,20.9,22.8,23.8,23.8,2.9,1,2.9,1,1,1
A0A2I2UTM6_FELCA,20.1,15.6,15.1,20.1,0,4.5,0,0,1,0
A0A5F5XTX9_FELCA,23,20.4,21.1,23,0,2.6,0,0,1,0
A0A337S8U6_FELCA,19,10.1,10.2,19,0,8.9,0,0,1,0
A0A337SBU9_FELCA,20.4,17.8,17.1,20.4,0,2.6,0,0,1,0
A0A337S2I4_FELCA,23.8,18.8,19,23.8,0,5,0,0,1,0
CD9_FELCA,20.9,18.6,19.2,20.9,0,2.3,0,0,1,0
A0A5F5XPS6_FELCA,21.6,21.5,21.6,21.6,0,0.1,0,0,0,0
A0A337S9J3_FELCA,22.7,18.3,17.5,22.7,0,4.4,0,0,1,0
A0A337SRW5_FELCA,21.7,23.2,22.9,23.2,1.5,0,1.5,1,0,1
A0A5F5XFC6_FELCA,21.7,21.1,21.3,21.7,0,0.6,0,0,0,0
A0A337SG59_FELCA,24.4,19.2,19.6,24.4,0,5.2,0,0,1,0
A0A337S5G0_FELCA,29.8,23.3,23,29.8,0,6.5,0,0,1,0
M3W046_FELCA,26.2,21.4,20.8,26.2,0,4.8,0,0,1,0
A0A337SUI1_FELCA,26.2,20.9,21.3,26.2,0,5.3,0,0,1,0
A0A337ST48_FELCA,27.5,20.8,23.1,27.5,0,6.7,0,0,1,0
A0A5F5XXK1_FELCA,22.3,19.9,19.7,22.3,0,2.4,0,0,1,0
A0A337S9Q3_FELCA,24.6,22.3,21,24.6,0,2.3,0,0,1,0
A0A5F5Y2W6_FELCA,21.1,18.3,17.9,21.1,0,2.8,0,0,1,0
A0A337SSN3_FELCA,23.8,20.6,20.2,23.8,0,3.2,0,0,1,0
A0A2I2U9W3_FELCA,25.9,25,24.8,25.9,0,0.9,0,0,0,0
A0A337SEZ0_FELCA,21.6,15.9,15.6,21.6,0,5.7,0,0,1,0
A0A2I2UB75_FELCA,20.5,15.9,16.2,20.5,0,4.6,0,0,1,0
A0A337SGU2_FELCA,19.1,16.8,17.1,19.1,0,2.3,0,0,1,0
M3WM81_FELCA,16,16.5,15.9,16.5,0.5,0,0.5,0,0,0
A0A337SJ76_FELCA,21.5,20.5,20.8,21.5,0,1,0,0,1,0
A0A337S9H7_FELCA,22.7,20.8,21.5,22.7,0,1.9,0,0,1,0
M3VUL6_FELCA,17.6,19.3,19.2,19.3,1.7,0,1.7,1,0,1
A0A2I2USA1_FELCA,21.9,18.7,18.8,21.9,0,3.2,0,0,1,0
M3VX11_FELCA,22.5,20.3,19.9,22.5,0,2.2,0,0,1,0
M3VZN4_FELCA,22.8,21.2,21.5,22.8,0,1.6,0,0,1,0
A0A5F5XIV3_FELCA,25.3,22.1,22.8,25.3,0,3.2,0,0,1,0
A0A5F5Y466_FELCA,23.9,16.4,17.4,23.9,0,7.5,0,0,1,0
A0A2I2V2G8_FELCA,17.5,18.7,17.1,18.7,1.2,0,1.2,1,0,1
M3X143_FELCA,23,11.4,11.2,23,0,11.6,0,0,1,0
A0A5F5Y101_FELCA,28.3,18.6,19,28.3,0,9.7,0,0,1,0
M3WSX6_FELCA,15.3,15.7,15.5,15.7,0.4,0,0.4,0,0,0
A0A337S2C9_FELCA,21.9,15.7,14.8,21.9,0,6.2,0,0,1,0
A0A337RVE0_FELCA,20.8,18.4,18.6,20.8,0,2.4,0,0,1,0
M3VUF8_FELCA,22.5,14.8,16,22.5,0,7.7,0,0,1,0
M3X096_FELCA,22.6,23.7,23.9,23.9,1.3,0.2,1.3,1,0,1
CELA1_FELCA,23.9,19.2,19.2,23.9,0,4.7,0,0,1,0
M3X2X6_FELCA,21.2,21.4,21.3,21.4,0.2,0,0.2,0,0,0
M3W105_FELCA,27.4,25.9,25.8,27.4,0,1.5,0,0,1,0
A0A337SQR3_FELCA,16,14.6,14.7,16,0,1.4,0,0,1,0
A0A2I2UFP6_FELCA,31,22.5,24.6,31,0,8.5,0,0,1,0
M3WKH4_FELCA,20.9,19.5,18.7,20.9,0,1.4,0,0,1,0
EST5A_FELCA,34.4,22.4,23.1,34.4,0,12,0,0,1,0
M3W2B8_FELCA,28,29.8,30,30,2,0.2,2,1,0,1
A0A337SQJ3_FELCA,23.1,23.2,23.1,23.2,0.1,0,0.1,0,0,0
M3XG35_FELCA,21,21.2,21.3,21.3,0.3,0.1,0.3,0,0,0
A0A2I2U350_FELCA,24.5,27.5,27.6,27.6,3.1,0.1,3.1,1,0,1
M3WIJ6_FELCA,22.7,20.6,20.5,22.7,0,2.1,0,0,1,0
A0A337SEF0_FELCA,22.8,18.6,19,22.8,0,4.2,0,0,1,0
M3W950_FELCA,19.5,23.8,23.6,23.8,4.3,0,4.3,1,0,1
GLHA_FELCA,18.1,10.8,10.7,18.1,0,7.3,0,0,1,0
A0A5F5XGZ4_FELCA,25.8,26.9,27.2,27.2,1.4,0.3,1.4,1,0,1
A0A337SFJ9_FELCA,19.5,12.7,11.9,19.5,0,6.8,0,0,1,0
A0A5F5XCZ2_FELCA,21,11,10.7,21,0,10,0,0,1,0
A0A2I2UDB3_FELCA,19.5,17.6,17.7,19.5,0,1.9,0,0,1,0
A0A337SU79_FELCA,17.8,18.6,18.7,18.7,0.9,0.1,0.9,0,0,0
M3W0W8_FELCA,22.8,17.8,18,22.8,0,5,0,0,1,0
A0A337S8C4_FELCA,19.6,14,15.8,19.6,0,5.6,0,0,1,0
A0A5F5Y7M8_FELCA,18.9,19.5,18.9,19.5,0.6,0,0.6,0,0,0
M3WXJ4_FELCA,22.7,20.5,20.8,22.7,0,2.2,0,0,1,0
M3X6F1_FELCA,20.2,13.5,12.6,20.2,0,6.7,0,0,1,0
A0A337SL92_FELCA,22,18.9,18.8,22,0,3.1,0,0,1,0
A0A337SGE0_FELCA,23.6,19,19.9,23.6,0,4.6,0,0,1,0
M3WI48_FELCA,19.2,17.1,16.9,19.2,0,2.1,0,0,1,0
M3WF53_FELCA,21.9,19.3,19.7,21.9,0,2.6,0,0,1,0
M3WKI3_FELCA,26.7,22.7,22.4,26.7,0,4,0,0,1,0
A0A2I2UED7_FELCA,15.2,15.5,14.2,15.5,0.3,0,0.3,0,0,0
A0A2I2U6F0_FELCA,22.7,22.2,22.1,22.7,0,0.5,0,0,0,0
M3VWY2_FELCA,21,19.1,18.7,21,0,1.9,0,0,1,0
A0A2I2UE55_FELCA,22,22.7,23,23,1,0.3,1,1,0,1
A0A337SW69_FELCA,19.8,15,14.9,19.8,0,4.8,0,0,1,0
M3WNY6_FELCA,21.9,20.5,20.6,21.9,0,1.4,0,0,1,0
A0A337SD38_FELCA,23.7,21.1,21.1,23.7,0,2.6,0,0,1,0
A0A2I2UVX8_FELCA,19.1,16.2,16.1,19.1,0,2.9,0,0,1,0
M3VW19_FELCA,20.6,18.1,17.1,20.6,0,2.5,0,0,1,0
A0A2I2U499_FELCA,17.7,20.4,22.3,22.3,4.6,1.9,4.6,1,1,1
A0A2I2UWU9_FELCA,23.3,19.2,18.8,23.3,0,4.1,0,0,1,0
M3W2V0_FELCA,24.1,25.7,25.9,25.9,1.8,0.2,1.8,1,0,1
A0A337S9Y3_FELCA,24.1,24.3,24.8,24.8,0.7,0.5,0.7,0,0,0
M3VU87_FELCA,21.3,20.7,20.3,21.3,0,0.6,0,0,0,0
M3WKP2_FELCA,23.3,23.9,23.9,23.9,0.6,0,0.6,0,0,0
A0A5F5XGP3_FELCA,29,29.4,29.3,29.4,0.4,0,0.4,0,0,0
A0A5F5XKE9_FELCA,22.2,19.9,21.6,22.2,0,2.3,0,0,1,0
A0A337SUS1_FELCA,23.3,21.7,20.8,23.3,0,1.6,0,0,1,0
M3W9A2_FELCA,22.6,19.1,19.1,22.6,0,3.5,0,0,1,0
A0A337SGM0_FELCA,20.3,15.8,16.9,20.3,0,4.5,0,0,1,0
M3WWG3_FELCA,19.1,19.4,19.2,19.4,0.3,0,0.3,0,0,0
A0A337RVG5_FELCA,23.2,21.2,21,23.2,0,2,0,0,1,0
A0A2I2U968_FELCA,21.3,18.8,19.2,21.3,0,2.5,0,0,1,0
A0A2I2UN28_FELCA,28.8,17,17.2,28.8,0,11.8,0,0,1,0
M3WFG2_FELCA,18,15.3,15.6,18,0,2.7,0,0,1,0
A0A337S496_FELCA,21.7,17.7,17.3,21.7,0,4,0,0,1,0
A0A2I2U432_FELCA,27.3,23.7,23.5,27.3,0,3.6,0,0,1,0
A0A337RZD5_FELCA,23.6,22,21.8,23.6,0,1.6,0,0,1,0
A0A337RV83_FELCA,25.8,22.3,22,25.8,0,3.5,0,0,1,0
A0A5F5XC75_FELCA,25.2,21.3,21.6,25.2,0,3.9,0,0,1,0
M3W2F5_FELCA,23.1,17.5,17.9,23.1,0,5.6,0,0,1,0
A0A5F5XYM1_FELCA,23.1,18.3,19.3,23.1,0,4.8,0,0,1,0
M3WVN3_FELCA,20.9,17.1,16.9,20.9,0,3.8,0,0,1,0
M3WPE0_FELCA,21.5,11.7,11.3,21.5,0,9.8,0,0,1,0
A0A5F5Y1B8_FELCA,24.2,20.9,20.4,24.2,0,3.3,0,0,1,0
A0A5F5Y4J4_FELCA,19.7,17.3,17.3,19.7,0,2.4,0,0,1,0
A0A5F5XGS9_FELCA,23.3,20.1,20.3,23.3,0,3.2,0,0,1,0
A0A337RYM9_FELCA,20.3,18.3,18.8,20.3,0,2,0,0,1,0
A0A337SN04_FELCA,21.4,21,19.5,21.4,0,0.4,0,0,0,0
A0A2I2UD65_FELCA,25.8,25.2,23.5,25.8,0,0.6,0,0,0,0
A0A5F5XGI4_FELCA,23.3,18.7,18.8,23.3,0,4.6,0,0,1,0
M3WLD9_FELCA,20.7,19.2,19,20.7,0,1.5,0,0,1,0
A0A2I2U2C4_FELCA,21.9,19.3,19.1,21.9,0,2.6,0,0,1,0
A0A337S4V9_FELCA,27.7,21.2,21.3,27.7,0,6.5,0,0,1,0
A0A337RW59_FELCA,27.1,24.4,24.6,27.1,0,2.7,0,0,1,0
M3WHG4_FELCA,24.5,19.2,18.7,24.5,0,5.3,0,0,1,0
A0A2I2U7G3_FELCA,19.8,16.2,16.3,19.8,0,3.6,0,0,1,0
A0A2I2UH03_FELCA,17.5,18.4,18.7,18.7,1.2,0.3,1.2,1,0,1
A0A2I2U3V7_FELCA,20.6,20.9,21.4,21.4,0.8,0.5,0.8,0,0,0
A0A2I2U1P2_FELCA,27.3,22.2,23.9,27.3,0,5.1,0,0,1,0
M3WN82_FELCA,18.7,15.3,15.3,18.7,0,3.4,0,0,1,0
A0A5F5XKH5_FELCA,17.1,16.1,15.2,17.1,0,1,0,0,1,0
A0A337S2A4_FELCA,23.2,21.9,22.6,23.2,0,1.3,0,0,1,0
M3VWP9_FELCA,21.7,19,17.7,21.7,0,2.7,0,0,1,0
A0A337RVF9_FELCA,25.5,22.5,22,25.5,0,3,0,0,1,0
A0A2I2U8E4_FELCA,27.8,28.4,28.9,28.9,1.1,0.5,1.1,1,0,1
A0A5F5XZM2_FELCA,24.7,22.3,22.5,24.7,0,2.4,0,0,1,0
M3WKB7_FELCA,23.4,20.5,20.7,23.4,0,2.9,0,0,1,0
A0A2I2U0Y4_FELCA,23,19.6,19.5,23,0,3.4,0,0,1,0
A0A2I2UAE6_FELCA,23.8,24.4,24.6,24.6,0.8,0.2,0.8,0,0,0
A0A337SN31_FELCA,20.6,20.4,19.7,20.6,0,0.2,0,0,0,0
M3WGH2_FELCA,23.4,23.8,24.4,24.4,1,0.6,1,1,0,1
M3WMF1_FELCA,24.7,26.3,26.4,26.4,1.7,0.1,1.7,1,0,1
A0A2I2V326_FELCA,21.7,17.7,17.8,21.7,0,4,0,0,1,0
A0A337SJW2_FELCA,24.4,21.5,21.6,24.4,0,2.9,0,0,1,0
A0A2I2U0K1_FELCA,22.5,17.3,17.7,22.5,0,5.2,0,0,1,0
A0A337SEH6_FELCA,18.8,18.1,15.9,18.8,0,0.7,0,0,0,0
U5TLB4_COWPX,21,20.7,20.8,21,0,0.3,0,0,0,0
A0A0K2YWB3_COWPX,18.5,17,16.5,18.5,0,1.5,0,0,1,0
A0A337SSG2_FELCA,20.4,16.4,18.6,20.4,0,4,0,0,1,0
A0A337SJR3_FELCA,20.6,17.8,18.1,20.6,0,2.8,0,0,1,0
A0A337SV16_FELCA,21.5,15.6,16,21.5,0,5.9,0,0,1,0
A0A337SRL8_FELCA,24.6,23.2,23.7,24.6,0,1.4,0,0,1,0
A0A5F5XYI6_FELCA,15,14.2,15.5,15.5,0.5,1.3,0.5,0,1,0
M3WK50_FELCA,23.8,20.4,21,23.8,0,3.4,0,0,1,0
A0A5F5XJY1_FELCA,22,19.7,20.4,22,0,2.3,0,0,1,0
A0A337S172_FELCA,21.9,19.5,18.7,21.9,0,2.4,0,0,1,0
M3WNB8_FELCA,17.5,16.6,15.4,17.5,0,0.9,0,0,0,0
A0A2I2UC81_FELCA,29.5,19.6,19.7,29.5,0,9.9,0,0,1,0
A0A5F5XVE8_FELCA,16,18.9,18.3,18.9,2.9,0,2.9,1,0,1
A0A5F5Y1N6_FELCA,13,18.9,18.4,18.9,5.9,0,5.9,1,0,1
A0A337SBA6_FELCA,22.3,21.1,20.1,22.3,0,1.2,0,0,1,0
M3W544_FELCA,16.3,16,16.4,16.4,0.1,0.4,0.1,0,0,0
A0A5F5XWB9_FELCA,26.7,27.3,27,27.3,0.6,0,0.6,0,0,0
A0A2I2UDI7_FELCA,27.2,22,21.8,27.2,0,5.2,0,0,1,0
A0A5F5XI25_FELCA,21.6,18,18.4,21.6,0,3.6,0,0,1,0
A0A5F5XUR3_FELCA,16.7,13.7,13.7,16.7,0,3,0,0,1,0
A0A337SVX9_FELCA,18.9,19.2,18.6,19.2,0.3,0,0.3,0,0,0
A0A337SMK6_FELCA,22.6,20.1,21,22.6,0,2.5,0,0,1,0
CSF1R_FELCA,18.1,13.6,13.1,18.1,0,4.5,0,0,1,0
M3WGW7_FELCA,26.2,20.7,20.6,26.2,0,5.5,0,0,1,0
D5MTH1_FELCA,23,20.7,21,23,0,2.3,0,0,1,0
M3WIK5_FELCA,27.4,21.1,20.9,27.4,0,6.3,0,0,1,0
CYTA_FELCA,21.5,18,17.6,21.5,0,3.5,0,0,1,0
A0A337SE08_FELCA,21.5,16.5,16.8,21.5,0,5,0,0,1,0
A0A337SJE3_FELCA,24.2,22.9,22,24.2,0,1.3,0,0,1,0
A0A337SHY2_FELCA,21.4,20.7,20.2,21.4,0,0.7,0,0,0,0
A0A2I2U5B1_FELCA,18.6,17.5,17.9,18.6,0,1.1,0,0,1,0
A0A5F5XDM8_FELCA,25.7,20.6,20.7,25.7,0,5.1,0,0,1,0
M3W019_FELCA,24.1,17.2,18.4,24.1,0,6.9,0,0,1,0
M3WHR1_FELCA,22.7,20,20.7,22.7,0,2.7,0,0,1,0
A0A337SMR1_FELCA,23.5,22,21.6,23.5,0,1.5,0,0,1,0
M3WLU0_FELCA,25.2,22.7,23.1,25.2,0,2.5,0,0,1,0
M3W9M0_FELCA,25.2,21.5,21.4,25.2,0,3.7,0,0,1,0
M3W8G3_FELCA,26,20.9,21.2,26,0,5.1,0,0,1,0
M3W7M8_FELCA,20.8,19.1,18.9,20.8,0,1.7,0,0,1,0
M3WGI2_FELCA,20.5,13.8,14,20.5,0,6.7,0,0,1,0
A0A337SUC3_FELCA,21.6,19.7,19.7,21.6,0,1.9,0,0,1,0
M3W0Q2_FELCA,18.3,18.9,19.1,19.1,0.8,0.2,0.8,0,0,0
M3WUC1_FELCA,21.8,18.9,17.9,21.8,0,2.9,0,0,1,0
A0A337RZ12_FELCA,25,20.2,20,25,0,4.8,0,0,1,0
M3W0Q1_FELCA,23.9,18.1,17.9,23.9,0,5.8,0,0,1,0
A0A5F5XBP7_FELCA,26.1,19.7,18.9,26.1,0,6.4,0,0,1,0
M3VVI7_FELCA,25.5,20.1,18.5,25.5,0,5.4,0,0,1,0
M3WJ25_FELCA,29.2,25.7,25.6,29.2,0,3.5,0,0,1,0
A0A2I2UJG2_FELCA,20,15.2,15.7,20,0,4.8,0,0,1,0
A0A2I2UQ66_FELCA,24.2,20.8,20.8,24.2,0,3.4,0,0,1,0
SDF1_FELCA,22.1,19.4,20.5,22.1,0,2.7,0,0,1,0
M3WSR7_FELCA,22,18.5,18.1,22,0,3.5,0,0,1,0
M3VWB9_FELCA,22,20,19.9,22,0,2,0,0,1,0
A0A337S6Y2_FELCA,22,19.9,19.2,22,0,2.1,0,0,1,0
A0A337SFQ4_FELCA,23.7,22,22.2,23.7,0,1.7,0,0,1,0
A0A2I2U6R0_FELCA,22.1,16.2,17.1,22.1,0,5.9,0,0,1,0
A0A337SMV2_FELCA,22.8,18,18,22.8,0,4.8,0,0,1,0
A0A337S0Q6_FELCA,20.1,16.5,16.5,20.1,0,3.6,0,0,1,0
M3WFI7_FELCA,19.7,16.3,16.4,19.7,0,3.4,0,0,1,0
A0A2I2U3S0_FELCA,22.6,20.1,19.7,22.6,0,2.5,0,0,1,0
M3XC02_FELCA,26,23.8,23.2,26,0,2.2,0,0,1,0
A0A337SE70_FELCA,24.1,21.8,22,24.1,0,2.3,0,0,1,0
A0A2I2UUM4_FELCA,25.8,17.2,16.6,25.8,0,8.6,0,0,1,0
A0A337S785_FELCA,25.8,23,23.4,25.8,0,2.8,0,0,1,0
A0A337SIN6_FELCA,22.2,16.4,16.1,22.2,0,5.8,0,0,1,0
A0A2I2U119_FELCA,23.7,17.1,17,23.7,0,6.6,0,0,1,0
M3X710_FELCA,23.9,20.9,21.3,23.9,0,3,0,0,1,0
M3W5T1_FELCA,23.2,18.9,19.3,23.2,0,4.3,0,0,1,0
A0A5F5XLL3_FELCA,19.6,14.3,12.8,19.6,0,5.3,0,0,1,0
A0A5F5XE39_FELCA,21.9,18.4,18.5,21.9,0,3.5,0,0,1,0
A0A337S6Z7_FELCA,16.4,10.2,10.3,16.4,0,6.2,0,0,1,0
A0A5F5XJC4_FELCA,24,23.2,23.1,24,0,0.8,0,0,0,0
A0A5F5XEB8_FELCA,21.7,21,20.7,21.7,0,0.7,0,0,0,0
A0A337S1A5_FELCA,17.9,18.9,18.3,18.9,1,0,1,1,0,1
A0A5F5XF61_FELCA,16.6,19.3,18,19.3,2.7,0,2.7,1,0,1
M3WGM9_FELCA,30.8,20.9,22.8,30.8,0,9.9,0,0,1,0
A0A2I2UNJ5_FELCA,22.3,17.7,17.9,22.3,0,4.6,0,0,1,0
M3VUU5_FELCA,24.3,19.2,19.1,24.3,0,5.1,0,0,1,0
A0A5F5XGS4_FELCA,21.9,16.5,17,21.9,0,5.4,0,0,1,0
M3W0Z1_FELCA,24.6,22.6,22.2,24.6,0,2,0,0,1,0
A0A337S046_FELCA,16.2,12.9,11.8,16.2,0,3.3,0,0,1,0
DPP4_FELCA,29,22,21.5,29,0,7,0,0,1,0
A0A5F5XVS8_FELCA,25.6,21,21.3,25.6,0,4.6,0,0,1,0
M3XE34_FELCA,28.9,20.3,20.1,28.9,0,8.6,0,0,1,0
A0A2I2U844_FELCA,23.5,19.9,20,23.5,0,3.6,0,0,1,0
A0A5F5XFR8_FELCA,21,17.8,18.6,21,0,3.2,0,0,1,0
A0A2I2UZA9_FELCA,25.2,19.9,19.5,25.2,0,5.3,0,0,1,0
A0A2I2UGD4_FELCA,24.8,24.2,24.4,24.8,0,0.6,0,0,0,0
A0A2I2UCR1_FELCA,21.5,19.7,19.6,21.5,0,1.8,0,0,1,0
A0A337SP25_FELCA,21.5,19,18.4,21.5,0,2.5,0,0,1,0
M3WCK3_FELCA,22.6,22.9,21.2,22.9,0.3,0,0.3,0,0,0
A0A2I2UFE0_FELCA,21.4,16.7,16.2,21.4,0,4.7,0,0,1,0
M3WM59_FELCA,18.8,18.1,17.9,18.8,0,0.7,0,0,0,0
M3W858_FELCA,15.7,15.3,15.4,15.7,0,0.4,0,0,0,0
M3WRY2_FELCA,25.1,27.4,26.3,27.4,2.3,0,2.3,1,0,1
A0A337SPQ5_FELCA,20,16.9,17.8,20,0,3.1,0,0,1,0
A0A337SND7_FELCA,22.4,14.5,15,22.4,0,7.9,0,0,1,0
A0A337SDI4_FELCA,17.5,17,16,17.5,0,0.5,0,0,0,0
A0A2I2U0I8_FELCA,22.1,16.8,17,22.1,0,5.3,0,0,1,0
EF1A1_FELCA,24.8,24.7,24.4,24.8,0,0.1,0,0,0,0
M3W2D2_FELCA,16.9,16.8,18.1,18.1,1.2,1.3,1.2,1,1,1
M3VVE6_FELCA,28.2,25.5,25.3,28.2,0,2.7,0,0,1,0
A0A337SCW7_FELCA,24.6,22.9,23,24.6,0,1.7,0,0,1,0
A0A337SFI6_FELCA,19.3,19.4,19.6,19.6,0.3,0.2,0.3,0,0,0
A0A337S356_FELCA,26.3,17.8,18.3,26.3,0,8.5,0,0,1,0
A0A337SBN3_FELCA,23.6,18.1,18.3,23.6,0,5.5,0,0,1,0
A0A337S0H8_FELCA,20.2,22.2,21.7,22.2,2,0,2,1,0,1
M3WR70_FELCA,24.4,22.8,21.1,24.4,0,1.6,0,0,1,0
B0LDS5_FELCA,24.7,22.6,21.9,24.7,0,2.1,0,0,1,0
A0A337SFQ1_FELCA,22.9,22.2,19.3,22.9,0,0.7,0,0,0,0
EGF_FELCA,30.2,24.3,23.9,30.2,0,5.9,0,0,1,0
A0A2I2U1L8_FELCA,20.5,13.9,13.9,20.5,0,6.6,0,0,1,0
A0A0P0GH12_FELCA,18.9,18.9,18.4,18.9,0,0,0,0,0,0
A0A337S424_FELCA,20.2,22.5,22.4,22.5,2.3,0,2.3,1,0,1
M3X1U0_FELCA,22.5,22.4,22.2,22.5,0,0.1,0,0,0,0
M3WXE7_FELCA,20.6,19.6,20,20.6,0,1,0,0,1,0
A0A5F5XQI4_FELCA,20.7,17.5,16.1,20.7,0,3.2,0,0,1,0
A0A2I2UKH0_FELCA,17.2,15.8,16.3,17.2,0,1.4,0,0,1,0
M3XDI4_FELCA,20,20.8,20.8,20.8,0.8,0,0.8,0,0,0
M3WCG8_FELCA,23.2,19,19,23.2,0,4.2,0,0,1,0
A0A2I2U322_FELCA,18.2,19,18.1,19,0.8,0,0.8,0,0,0
A0A5F5XCL3_FELCA,19,14.8,14.5,19,0,4.2,0,0,1,0
A0A337RZ59_FELCA,17.8,14.4,16.1,17.8,0,3.4,0,0,1,0
M3W5W5_FELCA,24.7,20.6,21.3,24.7,0,4.1,0,0,1,0
M3XDQ5_FELCA,17.3,13.1,14.5,17.3,0,4.2,0,0,1,0
A0A5F5XSQ0_FELCA,25.1,16.8,17.7,25.1,0,8.3,0,0,1,0
A0A2I2UVP6_FELCA,21.5,18,18.6,21.5,0,3.5,0,0,1,0
M3XGC9_FELCA,21.2,20.2,20.2,21.2,0,1,0,0,1,0
A0A2I2UTE6_FELCA,22.1,19.5,19.4,22.1,0,2.6,0,0,1,0
A0A337S0P1_FELCA,18.9,12.4,12.4,18.9,0,6.5,0,0,1,0
A0A2I2UHT3_FELCA,20.4,17.2,17.6,20.4,0,3.2,0,0,1,0
A0A2I2UJ14_FELCA,21.9,19.6,20,21.9,0,2.3,0,0,1,0
A0A2I2V5H4_FELCA,20.7,16,17.4,20.7,0,4.7,0,0,1,0
M3VU18_FELCA,25.6,21.1,21.5,25.6,0,4.5,0,0,1,0
A0A2I2V3L7_FELCA,22,20.8,21.1,22,0,1.2,0,0,1,0
A0A2I2V568_FELCA,24,21.5,21.6,24,0,2.5,0,0,1,0
A0A2I2U6N9_FELCA,17.9,10.1,10,17.9,0,7.8,0,0,1,0
M3X1B4_FELCA,20.3,21.3,21.4,21.4,1.1,0.1,1.1,1,0,1
M3VWW1_FELCA,23.9,20.1,20.1,23.9,0,3.8,0,0,1,0
ENV_FLVLB,20.5,20.6,20.4,20.6,0.1,0,0.1,0,0,0
A0A0D5ZXZ6_FELCA,12.5,11.8,10.6,12.5,0,0.7,0,0,0,0
M3WIV4_FELCA,23.2,19.8,20.2,23.2,0,3.4,0,0,1,0
A0A5F5XZT1_FELCA,24.8,20.5,20.5,24.8,0,4.3,0,0,1,0
A0A2I2UHA0_FELCA,18.3,13.7,12.3,18.3,0,4.6,0,0,1,0
A0A2I2UV62_FELCA,21.7,18.5,18.5,21.7,0,3.2,0,0,1,0
A0A2I2UTP3_FELCA,21,10,10.3,21,0,11,0,0,1,0
A0A5F5XNL0_FELCA,23.4,20.6,19.7,23.4,0,2.8,0,0,1,0
M3WPK6_FELCA,23.4,14.2,14,23.4,0,9.2,0,0,1,0
A0A337RY03_FELCA,19,14.8,14.3,19,0,4.2,0,0,1,0
A0A2I2UI65_FELCA,23.4,21.4,19.9,23.4,0,2,0,0,1,0
A0A5F5Y2L8_FELCA,23.7,20.1,19.5,23.7,0,3.6,0,0,1,0
A0A2I2V293_FELCA,24.6,23.4,22.9,24.6,0,1.2,0,0,1,0
A0A5F5XXF9_FELCA,25.8,21.7,21.4,25.8,0,4.1,0,0,1,0
M3WSY6_FELCA,23,21.2,21.8,23,0,1.8,0,0,1,0
M3X4X2_FELCA,19.1,15,17.3,19.1,0,4.1,0,0,1,0
A0A2I2UQW0_FELCA,19.9,19.4,19.2,19.9,0,0.5,0,0,0,0
M3WVD3_FELCA,18.2,17.1,14,18.2,0,1.1,0,0,1,0
M3VV12_FELCA,23.9,24.1,24.1,24.1,0.2,0,0.2,0,0,0
A0A5F5XI42_FELCA,16.5,22.1,22.1,22.1,5.6,0,5.6,1,0,1
M3WMZ2_FELCA,21.6,19.2,19.6,21.6,0,2.4,0,0,1,0
A0A2I2V4V9_FELCA,25,21,20.3,25,0,4,0,0,1,0
M3XAF3_FELCA,20.2,16.3,16.8,20.2,0,3.9,0,0,1,0
A0A2I2UQQ2_FELCA,19.4,19.6,19.1,19.6,0.2,0,0.2,0,0,0
M3XFW7_FELCA,22.1,27.4,27.4,27.4,5.3,0,5.3,1,0,1
A0A337S6A6_FELCA,18.8,21.8,21.8,21.8,3,0,3,1,0,1
A0A337S6P4_FELCA,20,22,21.8,22,2,0,2,1,0,1
A0A2I2U6X9_FELCA,26.2,26.8,26.3,26.8,0.6,0,0.6,0,0,0
M3WKC7_FELCA,22.2,26.2,26,26.2,4,0,4,1,0,1
JAM1_FELCA,28.1,21,21.1,28.1,0,7.1,0,0,1,0
A0A1W7HNZ6_FELCA,23.4,26,25.7,26,2.6,0,2.6,1,0,1
A0A2I2U5J7_FELCA,23.7,24.8,24,24.8,1.1,0,1.1,1,0,1
A0A5F5XF87_FELCA,23,24.7,24.2,24.7,1.7,0,1.7,1,0,1
M3WSI8_FELCA,29.8,29.1,29.2,29.8,0,0.7,0,0,0,0
M3W050_FELCA,21.5,17.6,18.3,21.5,0,3.9,0,0,1,0
A0A337SQW4_FELCA,24.5,24.7,26.7,26.7,2.2,2,2.2,1,1,1
M3W922_FELCA,19.5,19.6,20.6,20.6,1.1,1,1.1,1,1,1
M3WKC6_FELCA,20.2,22.3,22.3,22.3,2.1,0,2.1,1,0,1
A0A5F5XH53_FELCA,22.3,21,20.8,22.3,0,1.3,0,0,1,0
FA9_FELCA,23.3,25.2,24.9,25.2,1.9,0,1.9,1,0,1
M3WR74_FELCA,19.6,18.2,18.2,19.6,0,1.4,0,0,1,0
A0A5F5XG15_FELCA,23.9,17.8,18.6,23.9,0,6.1,0,0,1,0
M3WQY4_FELCA,18.8,16.8,16,18.8,0,2,0,0,1,0
M3X9Z0_FELCA,24.2,21.4,20.6,24.2,0,2.8,0,0,1,0
A0A5F5XIT1_FELCA,17.7,14.5,14.1,17.7,0,3.2,0,0,1,0
A0A5F5XFP7_FELCA,21.6,19.8,20.9,21.6,0,1.8,0,0,1,0
M3W1C3_FELCA,25.6,23.2,21.7,25.6,0,2.4,0,0,1,0
A0A337RY82_FELCA,18.1,15.2,14.5,18.1,0,2.9,0,0,1,0
A0A337RZ83_FELCA,21,20.7,21,21,0,0.3,0,0,0,0
A0A5F5XGS1_FELCA,20.3,17.2,17.8,20.3,0,3.1,0,0,1,0
A0A5F5Y0R2_FELCA,18.6,12.4,13.3,18.6,0,6.2,0,0,1,0
A0A337S9Y1_FELCA,21.9,16.5,17,21.9,0,5.4,0,0,1,0
A0A2I2UZV7_FELCA,22.6,21.4,20.2,22.6,0,1.2,0,0,1,0
A0A2I2U2C0_FELCA,19.4,18.3,18.2,19.4,0,1.1,0,0,1,0
M3WFK0_FELCA,25.2,23.6,23.4,25.2,0,1.6,0,0,1,0
A0A2I2UCL3_FELCA,22.7,21.7,21.9,22.7,0,1,0,0,1,0
A0A337SRF9_FELCA,27.2,24.1,23.9,27.2,0,3.1,0,0,1,0
M3WZ15_FELCA,23.2,24,23.1,24,0.8,0,0.8,0,0,0
A0A2I2UFJ4_FELCA,24.6,20.4,20.4,24.6,0,4.2,0,0,1,0
A0A337S164_FELCA,27.4,23.3,22.9,27.4,0,4.1,0,0,1,0
A0A337SXC1_FELCA,23.8,16.1,15.1,23.8,0,7.7,0,0,1,0
A0A337S7Y7_FELCA,27,20.9,21.4,27,0,6.1,0,0,1,0
M3WMG2_FELCA,27.4,23.3,23.4,27.4,0,4.1,0,0,1,0
M3WB78_FELCA,24.5,22.1,22.3,24.5,0,2.4,0,0,1,0
M3VXP7_FELCA,18.8,17.4,17.7,18.8,0,1.4,0,0,1,0
A0A5F5Y0F7_FELCA,24.5,25.7,25.1,25.7,1.2,0,1.2,1,0,1
A0A2I2UDZ7_FELCA,22.3,21.9,18.8,22.3,0,0.4,0,0,0,0
A0A5F5Y6R9_FELCA,16.1,14.1,13.1,16.1,0,2,0,0,1,0
FCG3A_FELCA,23.7,21,22.1,23.7,0,2.7,0,0,1,0
A0A337S1R1_FELCA,17.4,19.3,19.2,19.3,1.9,0,1.9,1,0,1
M3X177_FELCA,13.3,17.3,17.3,17.3,4,0,4,1,0,1
A0A5F5XXG1_FELCA,17.1,14.1,15.4,17.1,0,3,0,0,1,0
A0A337RZH0_FELCA,24.1,26.6,26.6,26.6,2.5,0,2.5,1,0,1
FIBA_FELCA,16.3,25.5,17.3,25.5,9.2,0,9.2,1,0,1
M3W022_FELCA,27.3,32,25.1,32,4.7,0,4.7,1,0,1
FIBB_FELCA,22.8,25.7,19.5,25.7,2.9,0,2.9,1,0,1
M3WII3_FELCA,24.5,31.9,24.4,31.9,7.4,0,7.4,1,0,1
A0A5F5XVE3_FELCA,23.7,23.8,23.9,23.9,0.2,0.1,0.2,0,0,0
A0A2I2UK29_FELCA,25.2,21.8,22.1,25.2,0,3.4,0,0,1,0
A0A337S7G1_FELCA,20.9,17.2,17.2,20.9,0,3.7,0,0,1,0
A0A5F5XGZ0_FELCA,24.1,31.2,23,31.2,7.1,0,7.1,1,0,1
A0A5F5XLT1_FELCA,11.6,20.3,10.4,20.3,8.7,0,8.7,1,0,1
A0A516V1E7_FELCA,15.2,12.1,11.1,15.2,0,3.1,0,0,1,0
A0A516V1E1_FELCA,16.2,15.5,16.9,16.9,0.7,1.4,0.7,0,1,0
A0A516V164_FELCA,22.7,20.1,19.7,22.7,0,2.6,0,0,1,0
S4Z3G3_FELCA,13,15,15.4,15.4,2.4,0.4,2.4,1,0,1
A0A516V168_FELCA,21.8,21.1,20.8,21.8,0,0.7,0,0,0,0
A0A516V172_FELCA,15.5,13.6,12.9,15.5,0,1.9,0,0,1,0
A0A516V166_FELCA,21.6,19.2,19,21.6,0,2.4,0,0,1,0
A0A516V181_FELCA,15.2,14.1,13,15.2,0,1.1,0,0,1,0
A0A516V177_FELCA,15.2,14.1,13,15.2,0,1.1,0,0,1,0
A0A516V1A6_FELCA,17.9,18,17.4,18,0.1,0,0.1,0,0,0
A0A337SDQ4_FELCA,19.7,14,14.1,19.7,0,5.7,0,0,1,0
A0A2I2V3V8_FELCA,26,22.8,22.5,26,0,3.2,0,0,1,0
A0A2I2US09_FELCA,25.5,21.2,21.3,25.5,0,4.3,0,0,1,0
A0A2I2UDN6_FELCA,24.7,20.3,19.8,24.7,0,4.4,0,0,1,0
M3X0B9_FELCA,18.9,16.2,16.4,18.9,0,2.7,0,0,1,0
A0A2I2UES4_FELCA,18.2,20.2,20.1,20.2,2,0,2,1,0,1
A0A2I2U011_FELCA,29.5,27.9,27.5,29.5,0,1.6,0,0,1,0
A0A2I2UAM2_FELCA,18.5,20.9,20.5,20.9,2.4,0,2.4,1,0,1
A0A5F5XFC0_FELCA,16.4,14.3,17.1,17.1,0.7,2.8,0.7,0,1,0
A0A337SB41_FELCA,19.1,17.1,16.5,19.1,0,2,0,0,1,0
M3WR11_FELCA,26.4,20.1,20.2,26.4,0,6.3,0,0,1,0
M3XEV8_FELCA,21.7,20.4,20.6,21.7,0,1.3,0,0,1,0
A0A2I2V2F6_FELCA,22.3,19,18.9,22.3,0,3.3,0,0,1,0
M3WL17_FELCA,23.8,26.9,26.8,26.9,3.1,0,3.1,1,0,1
A0A337S130_FELCA,25.6,21,20.9,25.6,0,4.6,0,0,1,0
A0A2I2U6V1_FELCA,20.3,17.9,18.2,20.3,0,2.4,0,0,1,0
FRIL_FELCA,21.8,21.2,20.6,21.8,0,0.6,0,0,0,0
A0A060PNW6_FELCA,23.3,17.7,18.3,23.3,0,5.6,0,0,1,0
A0A337S4I1_FELCA,23.9,19.7,20.2,23.9,0,4.2,0,0,1,0
M3W912_FELCA,20,12.9,13.1,20,0,7.1,0,0,1,0
A0A5F5XT00_FELCA,21.4,21.9,22.5,22.5,1.1,0.6,1.1,1,0,1
A0A5F5XZJ7_FELCA,24.1,23.5,24,24.1,0,0.6,0,0,0,0
M3X4M3_FELCA,20.7,21.8,19.7,21.8,1.1,0,1.1,1,0,1
M3X1P3_FELCA,14.8,15.8,15.1,15.8,1,0,1,1,0,1
A0A2I2UH80_FELCA,22.7,17.3,19,22.7,0,5.4,0,0,1,0
M3W3B8_FELCA,22.8,16.1,16,22.8,0,6.7,0,0,1,0
A0A2I2U7V2_FELCA,23.6,18.5,19.3,23.6,0,5.1,0,0,1,0
A0A5F5XKV2_FELCA,21.4,15.7,15.7,21.4,0,5.7,0,0,1,0
A0A5F5XIY0_FELCA,27.2,22.9,23.3,27.2,0,4.3,0,0,1,0
A0A5F5XGF8_FELCA,18.7,24.3,24.5,24.5,5.8,0.2,5.8,1,0,1
A0A2I2U122_FELCA,24.3,24.5,25.2,25.2,0.9,0.7,0.9,0,0,0
M3X9U2_FELCA,20.3,13.2,12.7,20.3,0,7.1,0,0,1,0
A0A2I2UQ95_FELCA,20.2,16.2,16.9,20.2,0,4,0,0,1,0
A0A5F5Y4N4_FELCA,21.8,18.4,17.7,21.8,0,3.4,0,0,1,0
A0A5F5XTD3_FELCA,24.5,22.3,22.3,24.5,0,2.2,0,0,1,0
A0A5F5Y2N0_FELCA,22.2,23.2,22.7,23.2,1,0,1,1,0,1
A0A2I2UA27_FELCA,21.2,20.6,20.7,21.2,0,0.6,0,0,0,0
G3P_FELCA,24.4,19.8,20.9,24.4,0,4.6,0,0,1,0
A0A5F5XUR6_FELCA,25.3,17,16.8,25.3,0,8.3,0,0,1,0
A0A5F5XGA1_FELCA,26.5,22.2,21.6,26.5,0,4.3,0,0,1,0
A0A5F5XDS7_FELCA,17,18,18.4,18.4,1.4,0.4,1.4,1,0,1
M3VVL7_FELCA,19.6,20.3,20,20.3,0.7,0,0.7,0,0,0
A0A337SNL3_FELCA,21.7,19.8,21.4,21.7,0,1.9,0,0,1,0
A0A2I2UCJ0_FELCA,21.6,18.6,18.3,21.6,0,3,0,0,1,0
M3W2Z1_FELCA,27.5,32.1,32,32.1,4.6,0,4.6,1,0,1
A0A2I2U4I8_FELCA,18,19.5,19.5,19.5,1.5,0,1.5,1,0,1
A0A337S915_FELCA,23.5,21.8,22.3,23.5,0,1.7,0,0,1,0
M3WHB4_FELCA,20.3,19.5,19.4,20.3,0,0.8,0,0,0,0
A0A337SH50_FELCA,20.8,18.3,19.1,20.8,0,2.5,0,0,1,0
A0A5F5XDL4_FELCA,19.4,17.8,17,19.4,0,1.6,0,0,1,0
A0A2I2UI95_FELCA,21.1,19.3,19.6,21.1,0,1.8,0,0,1,0
A0A337SD81_FELCA,20.9,17.5,17.6,20.9,0,3.4,0,0,1,0
A0A2I2UFV4_FELCA,23.1,22.1,22.2,23.1,0,1,0,0,1,0
M3WQ38_FELCA,24.5,19.6,19.7,24.5,0,4.9,0,0,1,0
A0A5F5XWZ9_FELCA,23.7,20.2,20.4,23.7,0,3.5,0,0,1,0
M3VWS9_FELCA,25.9,23.6,25.5,25.9,0,2.3,0,0,1,0
A0A2I2UZ31_FELCA,17.8,16.7,17.2,17.8,0,1.1,0,0,1,0
M3WEU6_FELCA,21.8,20.4,21,21.8,0,1.4,0,0,1,0
A0A2I2UF05_FELCA,15.6,13.3,12.7,15.6,0,2.3,0,0,1,0
M3W803_FELCA,14.8,16.9,17.3,17.3,2.5,0.4,2.5,1,0,1
A0A2I2U1V5_FELCA,26.2,21.9,22.6,26.2,0,4.3,0,0,1,0
BGAL_FELCA,25.3,22.6,21.2,25.3,0,2.7,0,0,1,0
A0A2I2URA0_FELCA,24.7,22.4,22.7,24.7,0,2.3,0,0,1,0
A0A2I2U855_FELCA,16.8,19.3,19.7,19.7,2.9,0.4,2.9,1,0,1
A0A5F5XL86_FELCA,19.6,19.2,18.7,19.6,0,0.4,0,0,0,0
M3X3M9_FELCA,19.4,19.5,18.6,19.5,0.1,0,0.1,0,0,0
M3WHT1_FELCA,29.2,21.3,21.5,29.2,0,7.9,0,0,1,0
A0A337S5X4_FELCA,20.6,15.8,16.1,20.6,0,4.8,0,0,1,0
A0A2I2UZP1_FELCA,22.5,17.3,17.3,22.5,0,5.2,0,0,1,0
A0A2I2U673_FELCA,23.6,22.2,23,23.6,0,1.4,0,0,1,0
A0A2I2U651_FELCA,19.2,15.9,15.4,19.2,0,3.3,0,0,1,0
A0A2I2U1S9_FELCA,22.5,17.3,17.3,22.5,0,5.2,0,0,1,0
M3WU86_FELCA,22.8,20.2,19.6,22.8,0,2.6,0,0,1,0
M3X5T9_FELCA,20.7,19,19,20.7,0,1.7,0,0,1,0
A0A2I2U2P0_FELCA,22.3,18.4,19.4,22.3,0,3.9,0,0,1,0
A0A2I2UXE2_FELCA,20.4,20.2,22,22,1.6,1.8,1.6,1,1,1
A0A5F5XZA0_FELCA,20.9,20.4,19.9,20.9,0,0.5,0,0,0,0
M3VUR6_FELCA,27.5,20.8,21.2,27.5,0,6.7,0,0,1,0
A0A5F5XP94_FELCA,25.6,29.2,29.5,29.5,3.9,0.3,3.9,1,0,1
M3WCA0_FELCA,22.1,18.7,19,22.1,0,3.4,0,0,1,0
A0A5F5XGH7_FELCA,23.3,24.9,25.5,25.5,2.2,0.6,2.2,1,0,1
A0A5F5XIK0_FELCA,26.2,22.9,23.2,26.2,0,3.3,0,0,1,0
A0A5F5XJV1_FELCA,19.4,17.9,18.2,19.4,0,1.5,0,0,1,0
A0A2I2U027_FELCA,22.2,21.6,21.2,22.2,0,0.6,0,0,0,0
M3WSF8_FELCA,21.6,18.9,17.3,21.6,0,2.7,0,0,1,0
A0A2I2U6L5_FELCA,24.4,20.2,22,24.4,0,4.2,0,0,1,0
A0A337S4V2_FELCA,18.4,17.3,17.5,18.4,0,1.1,0,0,1,0
A0A5F5XH67_FELCA,23.1,19.8,19.6,23.1,0,3.3,0,0,1,0
M3WBH7_FELCA,23,20.7,20.4,23,0,2.3,0,0,1,0
A0A337S9I7_FELCA,21.3,18.8,18.6,21.3,0,2.5,0,0,1,0
A0A337ST09_FELCA,19.4,19.6,19.5,19.6,0.2,0,0.2,0,0,0
A0A5F5XQW6_FELCA,24.2,26.6,27.1,27.1,2.9,0.5,2.9,1,0,1
A0A5F5XTB2_FELCA,21.9,25,25.2,25.2,3.3,0.2,3.3,1,0,1
A0A337S764_FELCA,20.9,21.2,20.9,21.2,0.3,0,0.3,0,0,0
A0A2I2UBJ4_FELCA,16.6,16.1,15.5,16.6,0,0.5,0,0,0,0
A0A5F5XQN9_FELCA,21.9,26.1,26.1,26.1,4.2,0,4.2,1,0,1
M3WUB8_FELCA,21.1,19.5,19.6,21.1,0,1.6,0,0,1,0
A0A2I2UTY3_FELCA,18.8,15.8,14.7,18.8,0,3,0,0,1,0
A0A2I2UB41_FELCA,20.1,17.4,17.6,20.1,0,2.7,0,0,1,0
A0A2I2UI30_FELCA,26,19.7,20,26,0,6.3,0,0,1,0
A0A2I2UII4_FELCA,19.2,18,19.2,19.2,0,1.2,0,0,1,0
A0A2I2V5E5_FELCA,21.9,28.3,28.2,28.3,6.4,0,6.4,1,0,1
A0A5F5XWC4_FELCA,22.9,23.1,23.1,23.1,0.2,0,0.2,0,0,0
A0A5F5XTI2_FELCA,22.1,18.4,18.2,22.1,0,3.7,0,0,1,0
A0A2I2V346_FELCA,23.8,19.3,19.9,23.8,0,4.5,0,0,1,0
A0A2I2UTS2_FELCA,26.8,28.1,28.5,28.5,1.7,0.4,1.7,1,0,1
A0A337SJ23_FELCA,19.4,16.7,17.7,19.4,0,2.7,0,0,1,0
A0A337SLL9_FELCA,20.3,17.4,18.1,20.3,0,2.9,0,0,1,0
A0A2I2U8R6_FELCA,22.5,17.7,18.7,22.5,0,4.8,0,0,1,0
A0A2I2UUQ5_FELCA,24,24.4,24.5,24.5,0.5,0.1,0.5,0,0,0
M3W5G2_FELCA,21.6,19.5,19.8,21.6,0,2.1,0,0,1,0
A0A5F5XR95_FELCA,16.8,12.4,11.7,16.8,0,4.4,0,0,1,0
M3W5G1_FELCA,19,15.3,16.1,19,0,3.7,0,0,1,0
BGLR_FELCA,26.5,20.9,20.9,26.5,0,5.6,0,0,1,0
A0A5F5XKM9_FELCA,22.8,18.8,18.6,22.8,0,4,0,0,1,0
A0A337S2X4_FELCA,16.9,16.5,16.3,16.9,0,0.4,0,0,0,0
A0A2I2U2D3_FELCA,23.2,18.5,19.8,23.2,0,4.7,0,0,1,0
A0A2I2USF3_FELCA,20.9,18.5,17.7,20.9,0,2.4,0,0,1,0
A0A2I2UIG2_FELCA,23.4,25.2,23.4,25.2,1.8,0,1.8,1,0,1
M3WSM7_FELCA,22.7,18.3,18.1,22.7,0,4.4,0,0,1,0
A0A2I2UIZ2_FELCA,23.4,24.5,25,25,1.6,0.5,1.6,1,0,1
M3VUF1_FELCA,29.5,24,23.4,29.5,0,5.5,0,0,1,0
A0A5F5Y062_FELCA,21.4,25.3,25.3,25.3,3.9,0,3.9,1,0,1
M3WFU5_FELCA,16.7,22.5,22.3,22.5,5.8,0,5.8,1,0,1
A0A2I2U3V1_FELCA,21.1,20.8,20.9,21.1,0,0.3,0,0,0,0
A0A2I2UQN2_FELCA,18.1,17.3,17.9,18.1,0,0.8,0,0,0,0
A0A2I2UFL9_FELCA,24.6,11,11.2,24.6,0,13.6,0,0,1,0
A0A024A8A5_FELCA,22.3,22.8,22.4,22.8,0.5,0,0.5,0,0,0
HBA_FELCA,24.8,29,30.2,30.2,5.4,1.2,5.4,1,1,1
HBB_FELCA,26.1,30.4,31.7,31.7,5.6,1.3,5.6,1,1,1
A0A2I2U9B2_FELCA,19.5,16.7,16.5,19.5,0,2.8,0,0,1,0
M3W3P5_FELCA,25.8,16.4,15.9,25.8,0,9.4,0,0,1,0
A0A337S0K9_FELCA,15.9,21.8,13.5,21.8,5.9,0,5.9,1,0,1
M3WLX7_FELCA,25.6,20.6,20.9,25.6,0,5,0,0,1,0
G4XSV9_FELCA,26.1,20.6,20.5,26.1,0,5.5,0,0,1,0
HEXB_FELCA,25.4,24.1,24.3,25.4,0,1.3,0,0,1,0
M3WHB2_FELCA,24,26.7,26.6,26.7,2.7,0,2.7,1,0,1
A0A337SUG1_FELCA,21.6,19.1,19.4,21.6,0,2.5,0,0,1,0
M3X1M2_FELCA,25.8,19.8,19.8,25.8,0,6,0,0,1,0
M3X7U8_FELCA,25.5,21.4,21.6,25.5,0,4.1,0,0,1,0
A0A2I2UVJ9_FELCA,16.7,12.8,10.8,16.7,0,3.9,0,0,1,0
A0A2I2UI32_FELCA,17.5,16.5,16.4,17.5,0,1,0,0,1,0
A0A5F5XGD0_FELCA,30.6,32.2,32.4,32.4,1.8,0.2,1.8,1,0,1
A0A5F5XBX6_FELCA,22.2,22.9,22.7,22.9,0.7,0,0.7,0,0,0
A0A5F5Y3T3_FELCA,19.7,16.9,17,19.7,0,2.8,0,0,1,0
A0A2I2UDC4_FELCA,22.7,18.8,18.8,22.7,0,3.9,0,0,1,0
M3WJM9_FELCA,24.4,26.3,26.4,26.4,2,0.1,2,1,0,1
A0A337S6T1_FELCA,19.7,19.7,20.1,20.1,0.4,0.4,0.4,0,0,0
A0A2I2U7X4_FELCA,23.3,21.5,20.9,23.3,0,1.8,0,0,1,0
A0A5F5XWD4_FELCA,19.1,16.4,16.5,19.1,0,2.7,0,0,1,0
M3X6Z7_FELCA,23,20.6,21.3,23,0,2.4,0,0,1,0
M3WFT4_FELCA,24,22.2,22.3,24,0,1.8,0,0,1,0
A0A2I2UZM2_FELCA,25.2,22.6,22.5,25.2,0,2.6,0,0,1,0
A0A5F5XK17_FELCA,21.3,17.1,16.7,21.3,0,4.2,0,0,1,0
M3WXZ4_FELCA,19.8,17.4,18.6,19.8,0,2.4,0,0,1,0
A0A337SEI8_FELCA,20.2,17.8,17,20.2,0,2.4,0,0,1,0
A0A5F5Y6R8_FELCA,30.1,24.5,24.8,30.1,0,5.6,0,0,1,0
M3W0Q9_FELCA,22.5,17.1,17.9,22.5,0,5.4,0,0,1,0
M3WMB7_FELCA,19.5,18.9,19.7,19.7,0.2,0.8,0.2,0,0,0
M3VYS9_FELCA,20.5,14,13.6,20.5,0,6.5,0,0,1,0
A0A337SAA4_FELCA,21.6,19.6,19.7,21.6,0,2,0,0,1,0
A0A5F5XBM7_FELCA,22.6,21.1,21.2,22.6,0,1.5,0,0,1,0
A0A337SRM7_FELCA,22,22.1,22.3,22.3,0.3,0.2,0.3,0,0,0
M3WBF1_FELCA,23.3,22.4,22.5,23.3,0,0.9,0,0,0,0
A0A337SJL0_FELCA,24.1,20.7,20.8,24.1,0,3.4,0,0,1,0
A0A337SQM4_FELCA,23.8,20.5,21.2,23.8,0,3.3,0,0,1,0
M3W1B8_FELCA,20.6,18.6,19.5,20.6,0,2,0,0,1,0
A0A337SJX9_FELCA,20.6,15.4,16,20.6,0,5.2,0,0,1,0
A0A097HWG4_FELCA,21.3,18.3,18.5,21.3,0,3,0,0,1,0
M3WSA1_FELCA,27.1,20.2,20.3,27.1,0,6.9,0,0,1,0
A0A2I2UFF7_FELCA,18.1,16.1,15.6,18.1,0,2,0,0,1,0
M3XFG7_FELCA,18.8,17.1,17.5,18.8,0,1.7,0,0,1,0
A0A2I2UIQ7_FELCA,17,23,22.6,23,6,0,6,1,0,1
A0A2I2UMR3_FELCA,19.9,24,23.5,24,4.1,0,4.1,1,0,1
A0A5F5XQ21_FELCA,24.5,24.1,24.2,24.5,0,0.4,0,0,0,0
M3VZ93_FELCA,20.3,18.5,18.3,20.3,0,1.8,0,0,1,0
A0A337SDJ8_FELCA,24.2,26.9,26.9,26.9,2.7,0,2.7,1,0,1
M3W4L2_FELCA,26.3,20.8,20.9,26.3,0,5.5,0,0,1,0
A0A2I2UEZ6_FELCA,26.9,24,23.8,26.9,0,2.9,0,0,1,0
A0A2I2USR5_FELCA,24.8,27,26.8,27,2.2,0,2.2,1,0,1
A0A337RVY2_FELCA,19.4,21.3,21,21.3,1.9,0,1.9,1,0,1
A0A2I2UF06_FELCA,17.9,20.1,19.8,20.1,2.2,0,2.2,1,0,1
M3VUH9_FELCA,18.8,20.4,20.1,20.4,1.6,0,1.6,1,0,1
A0A2I2U3H1_FELCA,29.6,21.8,21.9,29.6,0,7.8,0,0,1,0
A0A337SLQ6_FELCA,20.4,17.5,17.6,20.4,0,2.9,0,0,1,0
A0A2I2UAS8_FELCA,24.2,18.7,18.7,24.2,0,5.5,0,0,1,0
A0A2I2UBK6_FELCA,20,18.6,17.5,20,0,1.4,0,0,1,0
A0A2I2U7U8_FELCA,26.1,22.4,22.7,26.1,0,3.7,0,0,1,0
A0A2I2UF36_FELCA,25.9,18.6,18.8,25.9,0,7.3,0,0,1,0
A0A2I2UA72_FELCA,26.3,25.9,26.1,26.3,0,0.4,0,0,0,0
A0A337SPR9_FELCA,18.1,13.3,13.6,18.1,0,4.8,0,0,1,0
IL2RA_FELCA,21.8,17.9,17.5,21.8,0,3.9,0,0,1,0
A0A2I2U0A6_FELCA,19,15.6,13.8,19,0,3.4,0,0,1,0
A0A337S2C8_FELCA,20.5,13.7,13.8,20.5,0,6.8,0,0,1,0
M3X8X7_FELCA,21.2,18.3,19.3,21.2,0,2.9,0,0,1,0
A0A337S1N7_FELCA,23.4,23.2,23.6,23.6,0.2,0.4,0.2,0,0,0
A0A5F5XF39_FELCA,19.3,17.1,16.8,19.3,0,2.2,0,0,1,0
A0A337S505_FELCA,20.1,18.2,18.4,20.1,0,1.9,0,0,1,0
M3VZN9_FELCA,16,10,10.2,16,0,6,0,0,1,0
M3W832_FELCA,20.7,22.3,22.3,22.3,1.6,0,1.6,1,0,1
M3XDA8_FELCA,17.5,18.3,18.9,18.9,1.4,0.6,1.4,1,0,1
A0A337SRV8_FELCA,16.5,10.6,10.9,16.5,0,5.9,0,0,1,0
M3X315_FELCA,26.5,22.2,22.2,26.5,0,4.3,0,0,1,0
A0A5F5XEF9_FELCA,17.7,12.4,11.2,17.7,0,5.3,0,0,1,0
A0A2I2UAK7_FELCA,25,22.1,23.5,25,0,2.9,0,0,1,0
A0A5F5Y493_FELCA,23.7,23.1,22.6,23.7,0,0.6,0,0,0,0
A0A2I2USG0_FELCA,17.3,14,15.1,17.3,0,3.3,0,0,1,0
A0A2I2UVP7_FELCA,17.7,16.6,16.8,17.7,0,1.1,0,0,1,0
A0A5F5Y6V1_FELCA,20,16.7,16.9,20,0,3.3,0,0,1,0
ITB1_FELCA,22.4,18.9,19.8,22.4,0,3.5,0,0,1,0
A0A222NT34_FELCA,19.4,15.5,13.4,19.4,0,3.9,0,0,1,0
M3WN59_FELCA,25.6,27.9,28,28,2.4,0.1,2.4,1,0,1
A0A337SQW0_FELCA,25.2,28.7,28.8,28.8,3.6,0.1,3.6,1,0,1
A0A337SL30_FELCA,20,25.7,25.7,25.7,5.7,0,5.7,1,0,1
A0A337SEU6_FELCA,23.4,27.1,27.1,27.1,3.7,0,3.7,1,0,1
M3WN60_FELCA,16.2,19.9,19.3,19.9,3.7,0,3.7,1,0,1
A0A2I2U7R4_FELCA,26.9,29,29.3,29.3,2.4,0.3,2.4,1,0,1
M3WEM7_FELCA,26,24.1,22.4,26,0,1.9,0,0,1,0
A0A5F5XMZ9_FELCA,24.6,18.1,18.9,24.6,0,6.5,0,0,1,0
A0A2I2UVC1_FELCA,22.8,20.2,20.2,22.8,0,2.6,0,0,1,0
A0A2I2U9Y7_FELCA,14.4,16.2,14.4,16.2,1.8,0,1.8,1,0,1
A0A2I2U3Z6_FELCA,19.9,19.3,18.7,19.9,0,0.6,0,0,0,0
A0A2I2UBC8_FELCA,20,15.9,15.4,20,0,4.1,0,0,1,0
A0A337SEF1_FELCA,23.8,23.2,20.8,23.8,0,0.6,0,0,0,0
A0A5F5XX70_FELCA,22.8,19.8,19.8,22.8,0,3,0,0,1,0
A0A337SAT8_FELCA,18,15.6,16.5,18,0,2.4,0,0,1,0
A0A5F5XC52_FELCA,29.3,24.3,24.5,29.3,0,5,0,0,1,0
A0A2I2UBN8_FELCA,22.8,24.7,24.7,24.7,1.9,0,1.9,1,0,1
A0A2I2UA55_FELCA,21.9,17.8,17.6,21.9,0,4.1,0,0,1,0
A0A337RZ36_FELCA,19.5,18.2,17.6,19.5,0,1.3,0,0,1,0
A0A2I2UIN2_FELCA,18.1,14.9,14.5,18.1,0,3.2,0,0,1,0
A0A2I2U3F2_FELCA,23.3,19.8,21.1,23.3,0,3.5,0,0,1,0
A0A5F5XE91_FELCA,32.2,27.7,27.9,32.2,0,4.5,0,0,1,0
A0A5F5Y533_FELCA,19.3,16.5,16.7,19.3,0,2.8,0,0,1,0
M3VU73_FELCA,22.4,19.5,19.6,22.4,0,2.9,0,0,1,0
A0A2I2U1G6_FELCA,22.7,15.9,15.2,22.7,0,6.8,0,0,1,0
A0A5F5XE96_FELCA,18.2,12.1,12.1,18.2,0,6.1,0,0,1,0
A0A337S5Y7_FELCA,22,20.5,20.4,22,0,1.5,0,0,1,0
A0A337RZN4_FELCA,17.3,17,17.7,17.7,0.4,0.7,0.4,0,0,0
KIT_FELCA,21.7,20.1,20.4,21.7,0,1.6,0,0,1,0
SCF_FELCA,20.4,15.2,16.2,20.4,0,5.2,0,0,1,0
A0A5F5XC24_FELCA,23.9,25.6,25.5,25.6,1.7,0,1.7,1,0,1
A0A337SQ55_FELCA,21.3,14.8,15.2,21.3,0,6.5,0,0,1,0
A0A2I2U294_FELCA,31.9,29.8,29.8,31.9,0,2.1,0,0,1,0
A0A5F5XVF5_FELCA,21.6,23.2,22.6,23.2,1.6,0,1.6,1,0,1
A0A2I2UHH3_FELCA,21.3,16.1,15.9,21.3,0,5.2,0,0,1,0
A0A337SC09_FELCA,20.2,21.7,22.7,22.7,2.5,1,2.5,1,1,1
M3VXR1_FELCA,27.2,24.1,24.3,27.2,0,3.1,0,0,1,0
A0A337SCP9_FELCA,27.6,24.3,24.3,27.6,0,3.3,0,0,1,0
A0A337SM15_FELCA,24.8,21.1,21.5,24.8,0,3.7,0,0,1,0
A0A5F5XLA0_FELCA,21.4,19,19.1,21.4,0,2.4,0,0,1,0
A0A5F5XF56_FELCA,20.2,19.5,19,20.2,0,0.7,0,0,0,0
A0A5F5Y768_FELCA,20.3,21,21.1,21.1,0.8,0.1,0.8,0,0,0
M3VXK4_FELCA,19.6,20.1,19.8,20.1,0.5,0,0.5,0,0,0
M3VUH3_FELCA,23.3,22.5,22.9,23.3,0,0.8,0,0,0,0
A0A2I2U642_FELCA,22.7,18.7,19.4,22.7,0,4,0,0,1,0
A0A2I2UVW3_FELCA,25.8,22.7,22.8,25.8,0,3.1,0,0,1,0
M3VUG8_FELCA,24.3,21.4,21.5,24.3,0,2.9,0,0,1,0
M3VUE5_FELCA,22.6,20.5,20.6,22.6,0,2.1,0,0,1,0
K2C71_FELCA,25.2,21.5,21.8,25.2,0,3.7,0,0,1,0
M1RGZ2_FELCA,17.9,19.4,18.4,19.4,1.5,0,1.5,1,0,1
M3VUF9_FELCA,25.2,21.5,21.7,25.2,0,3.7,0,0,1,0
A0A337S538_FELCA,24.4,20,20,24.4,0,4.4,0,0,1,0
M3VUG7_FELCA,25.1,21.6,21.8,25.1,0,3.5,0,0,1,0
A0A5F5XKG5_FELCA,25.6,22.7,22.7,25.6,0,2.9,0,0,1,0
M3WZD7_FELCA,20.5,17.5,18.4,20.5,0,3,0,0,1,0
A0A5F5XMX8_FELCA,19.4,15.3,15.7,19.4,0,4.1,0,0,1,0
A0A2I2U6T7_FELCA,23.9,23.2,23.1,23.9,0,0.7,0,0,0,0
A0A337SDW1_FELCA,21.5,21.7,18.1,21.7,0.2,0,0.2,0,0,0
A0A5F5XCK9_FELCA,17.8,18.6,20.6,20.6,2.8,2,2.8,1,1,1
A0A5F5XQP4_FELCA,25,17.7,17.9,25,0,7.3,0,0,1,0
A0A5F5XIU1_FELCA,24.3,17.4,17.5,24.3,0,6.9,0,0,1,0
A0A5F5Y366_FELCA,22.3,23,24.6,24.6,2.3,1.6,2.3,1,1,1
M3W292_FELCA,23.9,24.2,23.2,24.2,0.3,0,0.3,0,0,0
M3WC88_FELCA,17.5,17,17.7,17.7,0.2,0.7,0.2,0,0,0
M3WXS7_FELCA,22.4,20.7,20.2,22.4,0,1.7,0,0,1,0
A0A337RYK1_FELCA,19.8,13.7,12.5,19.8,0,6.1,0,0,1,0
A7XPK6_FELCA,19.2,17.5,17,19.2,0,1.7,0,0,1,0
C6GGN9_FELCA,24.6,20.6,21,24.6,0,4,0,0,1,0
A0A337STH0_FELCA,28.5,22.3,22.6,28.5,0,6.2,0,0,1,0
A0A2I2V3S9_FELCA,17.4,16.4,15.9,17.4,0,1,0,0,1,0
A0A5F5XSP5_FELCA,22,21.4,21.1,22,0,0.6,0,0,0,0
A0A337SJA8_FELCA,21.9,18.3,18.8,21.9,0,3.6,0,0,1,0
M3WXB6_FELCA,20.6,19.6,17.9,20.6,0,1,0,0,1,0
A0A5F5Y0Z4_FELCA,19.3,22.6,22.5,22.6,3.3,0,3.3,1,0,1
A0A5F5XKS1_FELCA,21.2,23.2,23.3,23.3,2.1,0.1,2.1,1,0,1
M3XCK7_FELCA,27.1,21,21.2,27.1,0,6.1,0,0,1,0
A0A2I2U572_FELCA,21,20.6,19.5,21,0,0.4,0,0,0,0
A0A2I2UZG1_FELCA,21.4,17.6,17.7,21.4,0,3.8,0,0,1,0
A0A337S8L1_FELCA,20.3,17.2,17.8,20.3,0,3.1,0,0,1,0
A0A2I2U9C6_FELCA,24,20,19.9,24,0,4,0,0,1,0
A0A2I2U4Z0_FELCA,21.9,15.7,16.3,21.9,0,6.2,0,0,1,0
A0A337SRL4_FELCA,22,18.8,18.1,22,0,3.2,0,0,1,0
A0A2I2UMV3_FELCA,25.6,19.7,19.8,25.6,0,5.9,0,0,1,0
A0A5F5XUA4_FELCA,15.1,17.6,16.7,17.6,2.5,0,2.5,1,0,1
M3WKX0_FELCA,15.5,19.2,19.4,19.4,3.9,0.2,3.9,1,0,1
LEP_FELCA,18.1,18.6,17.9,18.6,0.5,0,0.5,0,0,0
A0A337SEC0_FELCA,21.3,21.2,21.5,21.5,0.2,0.3,0.2,0,0,0
A0A337S4Q5_FELCA,21.9,22.4,22.3,22.4,0.5,0,0.5,0,0,0
A0A2I2U709_FELCA,22.8,17.9,17.9,22.8,0,4.9,0,0,1,0
A0A337S0D5_FELCA,20.5,18.8,19.2,20.5,0,1.7,0,0,1,0
M3W8K5_FELCA,20.7,14.3,14.9,20.7,0,6.4,0,0,1,0
A0A5F5XGD3_FELCA,24.5,25.6,25.3,25.6,1.1,0,1.1,1,0,1
A0A5F5XPV2_FELCA,30.4,21.1,21.2,30.4,0,9.3,0,0,1,0
A0A5F5XQ31_FELCA,30.3,22.1,22.3,30.3,0,8.2,0,0,1,0
A0A5F5XTW1_FELCA,15,10.7,12.7,15,0,4.3,0,0,1,0
A0A5K1VP01_FELCA,24.2,12.9,12.6,24.2,0,11.3,0,0,1,0
M3VU75_FELCA,28.1,29.8,29.9,29.9,1.8,0.1,1.8,1,0,1
E5D2Z5_FELCA,25.8,19.5,20.6,25.8,0,6.3,0,0,1,0
M3WJA1_FELCA,29.8,17.5,17.5,29.8,0,12.3,0,0,1,0
A0A5F5XDG7_FELCA,25.9,29.4,29.5,29.5,3.6,0.1,3.6,1,0,1
A0A5F5XG49_FELCA,21.4,26.1,26,26.1,4.7,0,4.7,1,0,1
A0A337S803_FELCA,22.5,26.9,27,27,4.5,0.1,4.5,1,0,1
A0A2I2U8D7_FELCA,21.5,18.5,18.7,21.5,0,3,0,0,1,0
A0A2I2UMM1_FELCA,20,18.6,18.9,20,0,1.4,0,0,1,0
A0A2I2UP08_FELCA,23.1,27.5,27.3,27.5,4.4,0,4.4,1,0,1
M3WP64_FELCA,19.3,18.3,18,19.3,0,1,0,0,1,0
A0A337S8S6_FELCA,29.2,25.6,25.5,29.2,0,3.6,0,0,1,0
A0A5F5XMU9_FELCA,18.5,19.3,19.1,19.3,0.8,0,0.8,0,0,0
A0A2I2UUI4_FELCA,24.1,21,20.9,24.1,0,3.1,0,0,1,0
A0A337SVW6_FELCA,21,17.7,17.2,21,0,3.3,0,0,1,0
A0A337RWP8_FELCA,26.1,18.8,18.7,26.1,0,7.3,0,0,1,0
A0A2I2UV75_FELCA,21.1,17.5,17.1,21.1,0,3.6,0,0,1,0
A0A5F5XV52_FELCA,19.9,15.9,15.8,19.9,0,4,0,0,1,0
A0A2I2U4V9_FELCA,18.8,12.3,12.6,18.8,0,6.5,0,0,1,0
M3X2R3_FELCA,24.3,21.5,21.4,24.3,0,2.8,0,0,1,0
A0A5F5XVL7_FELCA,25.1,18.8,19,25.1,0,6.3,0,0,1,0
A0A5F5XTD9_FELCA,24.2,19.6,19.3,24.2,0,4.6,0,0,1,0
A0A5F5XKI3_FELCA,22,18.5,18.6,22,0,3.5,0,0,1,0
A0A2I2UYB0_FELCA,21.9,16.5,17.1,21.9,0,5.4,0,0,1,0
A0A337SM43_FELCA,21.3,26.1,26.2,26.2,4.9,0.1,4.9,1,0,1
A0A337SE00_FELCA,21.8,24.2,26.7,26.7,4.9,2.5,4.9,1,1,1
A0A2I2U006_FELCA,19.9,14.1,12.6,19.9,0,5.8,0,0,1,0
A0A5F5XZS8_FELCA,21.9,12.3,13.1,21.9,0,9.6,0,0,1,0
A0A5F5XT89_FELCA,25.1,20.1,19.8,25.1,0,5,0,0,1,0
A0A2I2UKK1_FELCA,28.1,28.7,28.9,28.9,0.8,0.2,0.8,0,0,0
A0A5F5XFU6_FELCA,22.2,23.8,24,24,1.8,0.2,1.8,1,0,1
A0A2I2UT16_FELCA,25.1,23.8,23.8,25.1,0,1.3,0,0,1,0
M3WBI8_FELCA,20.3,16,17.3,20.3,0,4.3,0,0,1,0
M3W3Q0_FELCA,21.1,19,16.9,21.1,0,2.1,0,0,1,0
A0A5F5XEY9_FELCA,26.5,22.1,21.9,26.5,0,4.4,0,0,1,0
A0A2I2UXL4_FELCA,22.2,25,26.2,26.2,4,1.2,4,1,1,1
A0A2I2U6J8_FELCA,18.8,22.7,24.1,24.1,5.3,1.4,5.3,1,1,1
M3WVZ4_FELCA,17,20.9,20.6,20.9,3.9,0,3.9,1,0,1
A0A2I2U232_FELCA,23.5,23.4,23.6,23.6,0.1,0.2,0.1,0,0,0
A0A2I2U5B2_FELCA,26.6,17.2,17.5,26.6,0,9.4,0,0,1,0
A0A2I2U227_FELCA,30.5,23.2,23.7,30.5,0,7.3,0,0,1,0
A0A5F5XBZ0_FELCA,21.3,17.8,18.2,21.3,0,3.5,0,0,1,0
A0A5F5Y107_FELCA,20,19.2,19.4,20,0,0.8,0,0,0,0
A0A337SQ74_FELCA,23.2,18,18.7,23.2,0,5.2,0,0,1,0
A0A5F5XCJ2_FELCA,24.3,14.9,15.3,24.3,0,9.4,0,0,1,0
A0A5F5XZ26_FELCA,26,16.4,16.7,26,0,9.6,0,0,1,0
A0A5F5XEP4_FELCA,16.1,21,20.7,21,4.9,0,4.9,1,0,1
A0A2I2UIM4_FELCA,22.1,19.1,19.7,22.1,0,3,0,0,1,0
A0A2I2UFN2_FELCA,12.9,14.6,15.2,15.2,2.3,0.6,2.3,1,0,1
A0A5F5XD04_FELCA,26.4,24.3,24.9,26.4,0,2.1,0,0,1,0
A0A2I2U7X7_FELCA,21.8,20,19.8,21.8,0,1.8,0,0,1,0
A0A337S014_FELCA,23.7,20.4,19.9,23.7,0,3.3,0,0,1,0
A0A2I2UYG1_FELCA,19,16.5,17.3,19,0,2.5,0,0,1,0
A0A5F5XH25_FELCA,21.8,16,17.4,21.8,0,5.8,0,0,1,0
A0A5F5XJG5_FELCA,19,21.1,23,23,4,1.9,4,1,1,1
A0A5F5XI37_FELCA,26.5,29.2,30,30,3.5,0.8,3.5,1,0,1
A0A337SF46_FELCA,25,18.6,19.4,25,0,6.4,0,0,1,0
A0A5F5XQF5_FELCA,20.6,17.9,17.4,20.6,0,2.7,0,0,1,0
A0A337S103_FELCA,21.5,14.9,14.4,21.5,0,6.6,0,0,1,0
M3XB79_FELCA,16.7,18.4,18.4,18.4,1.7,0,1.7,1,0,1
A0A2I2V287_FELCA,22.2,14.6,14.8,22.2,0,7.6,0,0,1,0
A0A5F5XP31_FELCA,18.5,10,10,18.5,0,8.5,0,0,1,0
A0A2I2UAR3_FELCA,24.4,18.5,17.9,24.4,0,5.9,0,0,1,0
M3WFA5_FELCA,19.5,19.6,20.2,20.2,0.7,0.6,0.7,0,0,0
M3WB92_FELCA,23.1,20.6,20.5,23.1,0,2.5,0,0,1,0
A0A337S1P2_FELCA,28.6,26.8,26.9,28.6,0,1.8,0,0,1,0
M3VU91_FELCA,23.2,19.2,18.6,23.2,0,4,0,0,1,0
M3W5B5_FELCA,30.2,26.9,26.7,30.2,0,3.3,0,0,1,0
A0A2I2UQB6_FELCA,28.7,23.2,22.1,28.7,0,5.5,0,0,1,0
M3W2W3_FELCA,22.6,25,25.2,25.2,2.6,0.2,2.6,1,0,1
A0A5F5Y4L2_FELCA,21.8,20.4,20.3,21.8,0,1.4,0,0,1,0
M3X588_FELCA,18.8,16.1,17.9,18.8,0,2.7,0,0,1,0
M3X167_FELCA,23.5,15.7,16.2,23.5,0,7.8,0,0,1,0
M3W4V0_FELCA,21.7,16.9,17,21.7,0,4.8,0,0,1,0
M3X2H7_FELCA,21.7,16.9,17,21.7,0,4.8,0,0,1,0
A0A2I2V4D2_FELCA,20.9,12.8,15.2,20.9,0,8.1,0,0,1,0
A0A2I2UKX6_FELCA,25.9,19.8,19.8,25.9,0,6.1,0,0,1,0
A0A5F5XMF4_FELCA,20.5,15.1,16,20.5,0,5.4,0,0,1,0
A0A5F5XBY8_FELCA,15.3,16.1,16,16.1,0.8,0,0.8,0,0,0
A0A337S431_FELCA,25.7,20,19.7,25.7,0,5.7,0,0,1,0
A0A337S8E4_FELCA,20.4,14.1,14.8,20.4,0,6.3,0,0,1,0
A0A140CWF2_FELCA,23.3,19.9,20.4,23.3,0,3.4,0,0,1,0
A0A2I2UXX3_FELCA,28,22.4,22.2,28,0,5.6,0,0,1,0
A0A2I2V3V6_FELCA,29.5,23.6,25.3,29.5,0,5.9,0,0,1,0
A0A5F5XC36_FELCA,26.2,18.2,18.5,26.2,0,8,0,0,1,0
A0A2I2U619_FELCA,20.8,23,23.2,23.2,2.4,0.2,2.4,1,0,1
A0A337SJ42_FELCA,29.1,19.8,19.3,29.1,0,9.3,0,0,1,0
M3VTY7_FELCA,19.1,15.9,15.9,19.1,0,3.2,0,0,1,0
M3VU52_FELCA,15.8,16.1,15.6,16.1,0.3,0,0.3,0,0,0
M3WY30_FELCA,19.2,15.9,15.4,19.2,0,3.3,0,0,1,0
A0A2I2U035_FELCA,19.4,13.2,14.4,19.4,0,6.2,0,0,1,0
A0A2I2UP64_FELCA,21.9,20.5,20.5,21.9,0,1.4,0,0,1,0
A0A2I2UCN9_FELCA,17,16.5,15.9,17,0,0.5,0,0,0,0
M3VUP6_FELCA,29,20.1,20.7,29,0,8.9,0,0,1,0
A0A2I2UY37_FELCA,18.4,10.3,10.6,18.4,0,8.1,0,0,1,0
A0A337SQ63_FELCA,24.7,19.2,19.6,24.7,0,5.5,0,0,1,0
A0A5F5Y426_FELCA,24.7,24.7,25.3,25.3,0.6,0.6,0.6,0,0,0
A0A5F5XC46_FELCA,10.5,18.7,10.8,18.7,8.2,0,8.2,1,0,1
A0A5F5Y2G5_FELCA,22.1,20.7,20.2,22.1,0,1.4,0,0,1,0
M3WBE5_FELCA,19.7,16.6,16,19.7,0,3.1,0,0,1,0
A0A5F5XUG7_FELCA,19,15.9,16.1,19,0,3.1,0,0,1,0
A0A2I2UJS0_FELCA,17.9,17.1,17.7,17.9,0,0.8,0,0,0,0
MA2B1_FELCA,25.5,25.8,27,27,1.5,1.2,1.5,1,1,1
A0A337RVS9_FELCA,23.3,23.3,22.3,23.3,0,0,0,0,0,0
A0A337SHI7_FELCA,21.7,17.6,17.6,21.7,0,4.1,0,0,1,0
A0A337S396_FELCA,16.5,18.2,17.9,18.2,1.7,0,1.7,1,0,1
A0A337S9V8_FELCA,17.9,18.5,19,19,1.1,0.5,1.1,1,0,1
M3WAB7_FELCA,21,18.3,15.8,21,0,2.7,0,0,1,0
M3XB86_FELCA,20.7,21.1,21,21.1,0.4,0,0.4,0,0,0
A0A2I2UHZ6_FELCA,21.3,22,22.4,22.4,1.1,0.4,1.1,1,0,1
A0A337S8F8_FELCA,26.5,20.7,20.6,26.5,0,5.8,0,0,1,0
A0A5F5Y096_FELCA,20.1,20.7,20.7,20.7,0.6,0,0.6,0,0,0
A0A2I2UI11_FELCA,19.9,21.3,20.7,21.3,1.4,0,1.4,1,0,1
A0A5F5XHB5_FELCA,21.1,20.2,21,21.1,0,0.9,0,0,0,0
MDHC_FELCA,24.1,21.6,21.3,24.1,0,2.5,0,0,1,0
MDHM_FELCA,17.1,10.3,10.7,17.1,0,6.8,0,0,1,0
A0A337S3Q9_FELCA,20.1,16.2,16.1,20.1,0,3.9,0,0,1,0
A0A2I2UC58_FELCA,23.9,19.8,19.7,23.9,0,4.1,0,0,1,0
M3W126_FELCA,26,26.8,27.7,27.7,1.7,0.9,1.7,1,0,1
M3WB64_FELCA,26,17.6,18.6,26,0,8.4,0,0,1,0
A0A5F5Y369_FELCA,16.6,17.1,17.2,17.2,0.6,0.1,0.6,0,0,0
M3XFR1_FELCA,21.7,19.7,21.5,21.7,0,2,0,0,1,0
A0A337SHC5_FELCA,19.8,22.8,21.7,22.8,3,0,3,1,0,1
M3XGE7_FELCA,20.8,21.6,20.6,21.6,0.8,0,0.8,0,0,0
A0A5F5XE10_FELCA,25.7,21.7,22.5,25.7,0,4,0,0,1,0
A0A2I2UXR9_FELCA,26.6,24.5,23.8,26.6,0,2.1,0,0,1,0
A0A341ZMF3_FELCA,24,22.6,22.6,24,0,1.4,0,0,1,0
A0A2I2V3J5_FELCA,19.4,21.3,21,21.3,1.9,0,1.9,1,0,1
A0A2I2UBB6_FELCA,19.8,15.3,15.3,19.8,0,4.5,0,0,1,0
A0A337RWW9_FELCA,23,18.8,18.3,23,0,4.2,0,0,1,0
A0A5F5XNZ1_FELCA,24.1,23.1,22.7,24.1,0,1,0,0,1,0
M3WPV6_FELCA,23.5,17.2,17.2,23.5,0,6.3,0,0,1,0
A0A5F5XHI0_FELCA,21,15.6,16.6,21,0,5.4,0,0,1,0
A0A337S3R5_FELCA,20.8,18.7,18.8,20.8,0,2.1,0,0,1,0
M3WV39_FELCA,19.5,19.7,19.9,19.9,0.4,0.2,0.4,0,0,0
A0A5F5XFE9_FELCA,16,11,10.5,16,0,5,0,0,1,0
A0A337SXF4_FELCA,25.4,22,22.2,25.4,0,3.4,0,0,1,0
A0A5F5XYE2_FELCA,14.8,17.2,17.6,17.6,2.8,0.4,2.8,1,0,1
A0A337S0K7_FELCA,15.4,18.2,18.3,18.3,2.9,0.1,2.9,1,0,1
MMP7_FELCA,16.6,15.7,17.4,17.4,0.8,1.7,0.8,0,1,0
A0A5F5Y5F5_FELCA,23.2,18.5,15.1,23.2,0,4.7,0,0,1,0
A0A3S6CJJ2_FELCA,23.9,18.1,18,23.9,0,5.8,0,0,1,0
M3WI37_FELCA,23.5,17.9,18.5,23.5,0,5.6,0,0,1,0
A0A5F5XUK2_FELCA,12.8,12.1,12.3,12.8,0,0.7,0,0,0,0
A0A337SLC9_FELCA,18.4,15.6,15.8,18.4,0,2.8,0,0,1,0
M3WCF8_FELCA,21,15.5,15.6,21,0,5.5,0,0,1,0
A0A337S4A6_FELCA,21.4,14.2,17.3,21.4,0,7.2,0,0,1,0
A0A337S0Y0_FELCA,26,23.8,23,26,0,2.2,0,0,1,0
A0A2I2UHE7_FELCA,20.5,14.4,13.8,20.5,0,6.1,0,0,1,0
M3WFQ7_FELCA,27.2,20.7,21.3,27.2,0,6.5,0,0,1,0
A0A5F5XC23_FELCA,16.1,14.4,13.5,16.1,0,1.7,0,0,1,0
A0A2I2V193_FELCA,18.3,15.1,15.2,18.3,0,3.2,0,0,1,0
M3WE80_FELCA,20.1,17.7,17.1,20.1,0,2.4,0,0,1,0
A0A337SNX4_FELCA,23.9,22.4,23.6,23.9,0,1.5,0,0,1,0
M3WJI8_FELCA,20.1,19.8,20.3,20.3,0.2,0.5,0.2,0,0,0
A0A2I2UAP2_FELCA,22.5,21.9,22.4,22.5,0,0.6,0,0,0,0
M3WPT7_FELCA,16.6,18.9,19.2,19.2,2.6,0.3,2.6,1,0,1
A0A2I2UW30_FELCA,23.3,16.5,17.2,23.3,0,6.8,0,0,1,0
A0A337SL83_FELCA,20.5,19.3,19.4,20.5,0,1.2,0,0,1,0
A0A337S8H7_FELCA,29.5,20.3,20.4,29.5,0,9.2,0,0,1,0
A0A337SH59_FELCA,25.5,18.5,19.3,25.5,0,7,0,0,1,0
A0A2I2U1C5_FELCA,22.8,20.9,21.3,22.8,0,1.9,0,0,1,0
A0A2I2UHR0_FELCA,18.4,18.5,18.5,18.5,0.1,0,0.1,0,0,0
A0A2I2U033_FELCA,17.7,13.6,14,17.7,0,4.1,0,0,1,0
A0A337S3Q0_FELCA,24.6,20,20.2,24.6,0,4.6,0,0,1,0
A0A5F5XC70_FELCA,16.6,17.2,18.3,18.3,1.7,1.1,1.7,1,1,1
MYOC_FELCA,24.8,20,20,24.8,0,4.8,0,0,1,0
A0A2I2V455_FELCA,30.9,20.6,21,30.9,0,10.3,0,0,1,0
A0A5F5XU62_FELCA,21.8,15.8,16.3,21.8,0,6,0,0,1,0
M3WFH8_FELCA,25.6,21.1,21.7,25.6,0,4.5,0,0,1,0
A0A337S914_FELCA,18.1,19.4,19.5,19.5,1.4,0.1,1.4,1,0,1
A0A5F5XWA2_FELCA,29.7,18.8,18.3,29.7,0,10.9,0,0,1,0
A0A2I2UVF9_FELCA,26.2,19.9,20.3,26.2,0,6.3,0,0,1,0
A0A2I2UJV2_FELCA,24.6,24.7,25.6,25.6,1,0.9,1,1,0,1
A0A337S4H2_FELCA,20.4,19.3,19.2,20.4,0,1.1,0,0,1,0
A0A2I2V0Y5_FELCA,25.9,21.3,21.4,25.9,0,4.6,0,0,1,0
A0A337S9P8_FELCA,22.4,23.5,24.9,24.9,2.5,1.4,2.5,1,1,1
M3VZX9_FELCA,20.6,18,16.4,20.6,0,2.6,0,0,1,0
A0A5F5Y4C0_FELCA,18.7,10.9,11,18.7,0,7.8,0,0,1,0
A0A337RZV6_FELCA,21.7,18.7,18.9,21.7,0,3,0,0,1,0
A0A5F5XXT2_FELCA,27.1,21,21.4,27.1,0,6.1,0,0,1,0
A0A2I2U0E6_FELCA,20.9,17.8,18.4,20.9,0,3.1,0,0,1,0
A0A5F5XLH0_FELCA,26.1,19.8,19.5,26.1,0,6.3,0,0,1,0
A0A2I2UX82_FELCA,24.5,19.3,18.6,24.5,0,5.2,0,0,1,0
A0A337S1S7_FELCA,24.9,23.9,23.7,24.9,0,1,0,0,1,0
A0A2I2UTR9_FELCA,22.4,20.6,20.1,22.4,0,1.8,0,0,1,0
M3X3Z7_FELCA,21.8,19.2,18.3,21.8,0,2.6,0,0,1,0
A0A2I2UTY5_FELCA,20.7,18.2,18.5,20.7,0,2.5,0,0,1,0
A0A337SBE9_FELCA,24.4,20,21.6,24.4,0,4.4,0,0,1,0
A0A2I2UP60_FELCA,25.4,23.1,23,25.4,0,2.3,0,0,1,0
A0A2I2U5Z9_FELCA,25.1,20.3,20.9,25.1,0,4.8,0,0,1,0
A0A337SCS7_FELCA,25.2,23,21.8,25.2,0,2.2,0,0,1,0
A0A337SMW2_FELCA,23.7,19.7,19.9,23.7,0,4,0,0,1,0
A0A337S9P2_FELCA,19.2,12.7,14.6,19.2,0,6.5,0,0,1,0
A0A5F5XC25_FELCA,22,17.5,17.1,22,0,4.5,0,0,1,0
A0A2I2U4B5_FELCA,19.5,16.2,16.3,19.5,0,3.3,0,0,1,0
M3X077_FELCA,22.3,20.5,15.9,22.3,0,1.8,0,0,1,0
A0A2I2U0T9_FELCA,20.2,17,16.3,20.2,0,3.2,0,0,1,0
A0A2I2UCH5_FELCA,20.9,16.4,16.6,20.9,0,4.5,0,0,1,0
A0A2I2U310_FELCA,21.3,17.1,17,21.3,0,4.2,0,0,1,0
M3X1L5_FELCA,27.3,22.6,22.2,27.3,0,4.7,0,0,1,0
M3X5Z4_FELCA,16.7,14,12.7,16.7,0,2.7,0,0,1,0
M3VXB4_FELCA,15.2,10,14.4,15.2,0,5.2,0,0,1,0
A0A337S3Z8_FELCA,17.8,14.7,15.3,17.8,0,3.1,0,0,1,0
A0A2I2UZY7_FELCA,21.5,16,16,21.5,0,5.5,0,0,1,0
A0A337SMV4_FELCA,21.6,20.6,20,21.6,0,1,0,0,1,0
A0A2I2U1J3_FELCA,15.6,17.7,16.2,17.7,2.1,0,2.1,1,0,1
M3WN87_FELCA,22.4,26.6,26.5,26.6,4.2,0,4.2,1,0,1
A0A2I2UU92_FELCA,18.2,15.9,16.2,18.2,0,2.3,0,0,1,0
A0A337SMY8_FELCA,17.7,16,15.5,17.7,0,1.7,0,0,1,0
A0A337S9F6_FELCA,16.4,14.9,12,16.4,0,1.5,0,0,1,0
A0A5F5XIM5_FELCA,19.6,21.1,21.7,21.7,2.1,0.6,2.1,1,0,1
A0A2I2UUB3_FELCA,22.5,21.1,20.5,22.5,0,1.4,0,0,1,0
A0A2I2U1I4_FELCA,21.7,15.3,16.2,21.7,0,6.4,0,0,1,0
M3W064_FELCA,25.9,22,22,25.9,0,3.9,0,0,1,0
A0A2I2UTH6_FELCA,22.1,19.9,20,22.1,0,2.2,0,0,1,0
A0A2I2UU60_FELCA,21.3,17.4,17.2,21.3,0,3.9,0,0,1,0
A0A2I2ULA8_FELCA,19.9,16.4,17.8,19.9,0,3.5,0,0,1,0
M3X0F5_FELCA,25.4,20,20.5,25.4,0,5.4,0,0,1,0
A0A2I2ULL1_FELCA,18.4,19,19.1,19.1,0.7,0.1,0.7,0,0,0
A0A2I2U0A2_FELCA,22.8,22.1,21.9,22.8,0,0.7,0,0,0,0
M3WPJ4_FELCA,16.3,15.6,16.8,16.8,0.5,1.2,0.5,0,1,0
M3VVG9_FELCA,22.6,21.9,22.3,22.6,0,0.7,0,0,0,0
A0A337S4Z9_FELCA,20.9,18.5,18.2,20.9,0,2.4,0,0,1,0
A0A337RWR2_FELCA,20.4,16.9,17.5,20.4,0,3.5,0,0,1,0
A0A2I2UMJ9_FELCA,22.5,19.3,19.7,22.5,0,3.2,0,0,1,0
A0A2I2UD00_FELCA,17.9,13,13.8,17.9,0,4.9,0,0,1,0
A0A5F5Y561_FELCA,22.5,19.3,19.2,22.5,0,3.2,0,0,1,0
A0A337SC03_FELCA,19.5,19.3,19,19.5,0,0.2,0,0,0,0
M3XCN6_FELCA,19.5,18.8,19.1,19.5,0,0.7,0,0,0,0
A0A337S9L8_FELCA,21.1,18.9,19.3,21.1,0,2.2,0,0,1,0
M3WHA5_FELCA,20.6,20.4,20.3,20.6,0,0.2,0,0,0,0
LIS1_FELCA,21.3,19.1,19.4,21.3,0,2.2,0,0,1,0
M3WEF4_FELCA,16.4,18.5,19.2,19.2,2.8,0.7,2.8,1,0,1
A0A337S9K0_FELCA,22.6,20.9,21,22.6,0,1.7,0,0,1,0
A0A2I2UHQ6_FELCA,24.6,20.3,20.2,24.6,0,4.3,0,0,1,0
A0A5F5XQL5_FELCA,20.5,17,16.9,20.5,0,3.5,0,0,1,0
M3WYR7_FELCA,19.4,15.6,15.8,19.4,0,3.8,0,0,1,0
A0A337STF2_FELCA,22.2,18,18.1,22.2,0,4.2,0,0,1,0
A0A5F5XDU4_FELCA,22.9,20.3,20.1,22.9,0,2.6,0,0,1,0
A0A5F5XDD6_FELCA,21.4,18.4,18.8,21.4,0,3,0,0,1,0
A0A2I2U3P8_FELCA,18.4,14.2,14.5,18.4,0,4.2,0,0,1,0
M3WBC6_FELCA,21.9,17.7,18.1,21.9,0,4.2,0,0,1,0
A0A2I2UWU3_FELCA,28.3,26.2,26.1,28.3,0,2.1,0,0,1,0
A0A337SKM2_FELCA,17.4,15.9,15.1,17.4,0,1.5,0,0,1,0
A0A5F5XH49_FELCA,19,16.1,16.3,19,0,2.9,0,0,1,0
A0A5F5XE18_FELCA,22.5,19.4,19.2,22.5,0,3.1,0,0,1,0
A0A5F5XK05_FELCA,26.6,24.3,24.2,26.6,0,2.3,0,0,1,0
M3W6K9_FELCA,21.3,18.4,17.9,21.3,0,2.9,0,0,1,0
A0A5F5Y2C4_FELCA,20.7,16.1,17.2,20.7,0,4.6,0,0,1,0
A0A337SNW6_FELCA,13.7,21.7,22,22,8.3,0.3,8.3,1,0,1
M3WSQ5_FELCA,14.5,15.9,16.7,16.7,2.2,0.8,2.2,1,0,1
A0A2I2UD44_FELCA,25.2,26.3,26,26.3,1.1,0,1.1,1,0,1
A0A5F5Y1P9_FELCA,25.3,25.3,24.5,25.3,0,0,0,0,0,0
M3XG34_FELCA,20.6,16.4,17,20.6,0,4.2,0,0,1,0
M3VVR5_FELCA,16.1,15.6,13.6,16.1,0,0.5,0,0,0,0
W5LV43_FELCA,23.8,15.7,15.8,23.8,0,8.1,0,0,1,0
A0A5F5XER7_FELCA,20.3,20.3,19,20.3,0,0,0,0,0,0
K7S0M4_FELCA,20.2,18.8,19.2,20.2,0,1.4,0,0,1,0
M3WAV8_FELCA,19.5,16,16.7,19.5,0,3.5,0,0,1,0
M3W0P6_FELCA,22.1,15.4,15.9,22.1,0,6.7,0,0,1,0
M3WFY4_FELCA,21.1,18.2,16.1,21.1,0,2.9,0,0,1,0
M3W668_FELCA,21.1,19.4,19,21.1,0,1.7,0,0,1,0
M3W9X1_FELCA,18.8,16.2,16.2,18.8,0,2.6,0,0,1,0
A0A2I2UBZ5_FELCA,25.5,21.6,22.2,25.5,0,3.9,0,0,1,0
A0A5F5XK30_FELCA,22.3,17.3,17.2,22.3,0,5,0,0,1,0
M3WVN7_FELCA,19.3,15.7,15.7,19.3,0,3.6,0,0,1,0
A0A2I2ULZ1_FELCA,25,20.1,20.3,25,0,4.9,0,0,1,0
A0A337RYP8_FELCA,19.5,19.2,19.2,19.5,0,0.3,0,0,0,0
A0A2I2V340_FELCA,23.9,22.9,22.5,23.9,0,1,0,0,1,0
A0A5F5XCK4_FELCA,20.7,19.3,19.1,20.7,0,1.4,0,0,1,0
A0A2I2U2M1_FELCA,21.9,21.4,21.7,21.9,0,0.5,0,0,0,0
M3WEL8_FELCA,21.9,20.1,20.4,21.9,0,1.8,0,0,1,0
A0A337S381_FELCA,20,13.2,13.5,20,0,6.8,0,0,1,0
A0A337S2Y5_FELCA,19.6,18,17.6,19.6,0,1.6,0,0,1,0
A0A5F5XZL7_FELCA,22.4,15.5,15.4,22.4,0,6.9,0,0,1,0
M3X9S4_FELCA,19,12.2,11.9,19,0,6.8,0,0,1,0
A0A5F5XK20_FELCA,19.8,18.1,18.6,19.8,0,1.7,0,0,1,0
M3WJN8_FELCA,18.8,15.4,15.6,18.8,0,3.4,0,0,1,0
A0A2I2UJH0_FELCA,23.3,19,19.1,23.3,0,4.3,0,0,1,0
M3X166_FELCA,19.3,10.3,10,19.3,0,9,0,0,1,0
M3WZT2_FELCA,14.4,17.6,18.8,18.8,4.4,1.2,4.4,1,1,1
M3WJ85_FELCA,21.6,24.6,24.5,24.6,3,0,3,1,0,1
M3X816_FELCA,24.5,19.8,19.9,24.5,0,4.7,0,0,1,0
A0A2I2V147_FELCA,19.1,19.3,19.6,19.6,0.5,0.3,0.5,0,0,0
A0A2I2UJP1_FELCA,24.1,18.6,18.5,24.1,0,5.5,0,0,1,0
M3WXF2_FELCA,21.7,18.8,18.3,21.7,0,2.9,0,0,1,0
A0A5F5XJM9_FELCA,24.9,21.1,21.4,24.9,0,3.8,0,0,1,0
A0A337SF63_FELCA,19.3,16.2,19.2,19.3,0,3.1,0,0,1,0
M3W5Z6_FELCA,30.4,25.4,25.7,30.4,0,5,0,0,1,0
A0A337S1V9_FELCA,28.3,17,16.9,28.3,0,11.3,0,0,1,0
M3VWF4_FELCA,26.2,13.7,13.7,26.2,0,12.5,0,0,1,0
M3X4Z4_FELCA,19.8,22.5,24.4,24.4,4.6,1.9,4.6,1,1,1
A0A337SBR4_FELCA,26.6,19.8,20.3,26.6,0,6.8,0,0,1,0
A0A337SAH5_FELCA,22.7,17.9,19,22.7,0,4.8,0,0,1,0
A0A5F5XE98_FELCA,19.8,17,16.4,19.8,0,2.8,0,0,1,0
A0A337RYU6_FELCA,19.9,18.8,18.6,19.9,0,1.1,0,0,1,0
M3X3Z1_FELCA,21.4,21.5,19.9,21.5,0.1,0,0.1,0,0,0
A0A337RYI0_FELCA,18.8,18.2,19.2,19.2,0.4,1,0.4,0,1,0
KPYM_FELCA,22.9,20.8,20.7,22.9,0,2.1,0,0,1,0
M3X3D3_FELCA,24.4,23.1,23.5,24.4,0,1.3,0,0,1,0
A0A5F5XCP1_FELCA,20.2,22.4,22.4,22.4,2.2,0,2.2,1,0,1
A0A337S474_FELCA,30.5,21.8,21.3,30.5,0,8.7,0,0,1,0
A0A337S388_FELCA,22.4,17.6,18.3,22.4,0,4.8,0,0,1,0
A0A2I2UDS4_FELCA,26.7,23.8,23.3,26.7,0,2.9,0,0,1,0
A0A5F5XE59_FELCA,23.5,20.3,20.1,23.5,0,3.2,0,0,1,0
M3X3T9_FELCA,27.4,28,28,28,0.6,0,0.6,0,0,0
M3VU17_FELCA,17.9,17.4,17.1,17.9,0,0.5,0,0,0,0
A0A2I2UIC2_FELCA,21.8,20.3,20.8,21.8,0,1.5,0,0,1,0
A0A2I2U3Y6_FELCA,20.2,22.6,21.3,22.6,2.4,0,2.4,1,0,1
M3WCF9_FELCA,20.5,18.2,18.8,20.5,0,2.3,0,0,1,0
A0A337SP16_FELCA,21.9,20.5,20.4,21.9,0,1.4,0,0,1,0
A0A5F5Y1Y2_FELCA,21,16.6,17.4,21,0,4.4,0,0,1,0
M3WG01_FELCA,24.4,21.7,21.9,24.4,0,2.7,0,0,1,0
M3VU38_FELCA,18.8,18.8,18.4,18.8,0,0,0,0,0,0
M3WKB5_FELCA,23.3,18.3,18.3,23.3,0,5,0,0,1,0
M3W6S5_FELCA,14.2,12,12.3,14.2,0,2.2,0,0,1,0
A0A5F5XX38_FELCA,20.5,19.1,19.6,20.5,0,1.4,0,0,1,0
A0A5F5XE19_FELCA,25.4,21.5,21.6,25.4,0,3.9,0,0,1,0
A0A2I2UU74_FELCA,24.4,29.8,29.9,29.9,5.5,0.1,5.5,1,0,1
M3WTQ9_FELCA,21.4,22.4,22.5,22.5,1.1,0.1,1.1,1,0,1
A0A5F5XSY1_FELCA,22,24.3,27.2,27.2,5.2,2.9,5.2,1,1,1
A0A0A0MPZ9_FELCA,21.3,17.3,17.8,21.3,0,4,0,0,1,0
PPIA_FELCA,23.5,21.8,22.1,23.5,0,1.7,0,0,1,0
A0A2I2UBH3_FELCA,22,20.3,19.9,22,0,1.7,0,0,1,0
A0A2I2V3I6_FELCA,22,17.3,16.5,22,0,4.7,0,0,1,0
A0A2I2V4A6_FELCA,16.5,16.9,16.5,16.9,0.4,0,0.4,0,0,0
A0A2I2V332_FELCA,18.6,22.6,17.7,22.6,4,0,4,1,0,1
A0A337SU18_FELCA,19.3,14.5,14.9,19.3,0,4.8,0,0,1,0
A0A5F5XW18_FELCA,19.7,20.2,19.5,20.2,0.5,0,0.5,0,0,0
A0A2I2UW10_FELCA,24,21,21.2,24,0,3,0,0,1,0
A0A2I2UQ65_FELCA,23.8,20.3,20.9,23.8,0,3.5,0,0,1,0
A0A2I2UZE5_FELCA,23.6,22,22.4,23.6,0,1.6,0,0,1,0
M3VUU2_FELCA,18.9,19.7,21,21,2.1,1.3,2.1,1,1,1
A0A337SIG9_FELCA,23.1,23,23.5,23.5,0.4,0.5,0.4,0,0,0
A0A5F5XXB7_FELCA,26.6,21.1,21,26.6,0,5.5,0,0,1,0
A0A5F5XS51_FELCA,16.8,15.3,14,16.8,0,1.5,0,0,1,0
M3X1J5_FELCA,21.7,18.5,18.5,21.7,0,3.2,0,0,1,0
A0A2I2UL25_FELCA,24.2,21,21,24.2,0,3.2,0,0,1,0
A0A337S4R1_FELCA,16.4,16.5,14.7,16.5,0.1,0,0.1,0,0,0
M3W340_FELCA,20.8,18.5,19.4,20.8,0,2.3,0,0,1,0
PRIO_FELCA,25.5,18.8,19,25.5,0,6.7,0,0,1,0
PROC_FELCA,21.4,23.7,23.7,23.7,2.3,0,2.3,1,0,1
A0A337SJB3_FELCA,24.5,23.5,23.4,24.5,0,1,0,0,1,0
A0A5F5XMS8_FELCA,25.4,20.1,19.5,25.4,0,5.3,0,0,1,0
A0A2I2U9S5_FELCA,22.9,22.4,20.7,22.9,0,0.5,0,0,0,0
M3WDQ9_FELCA,24.3,24.8,24.8,24.8,0.5,0,0.5,0,0,0
A0A2I2USJ0_FELCA,25.5,27.2,26.6,27.2,1.7,0,1.7,1,0,1
A0A5F5XIU4_FELCA,21.5,22,20,22,0.5,0,0.5,0,0,0
A0A5F5XCK5_FELCA,17.2,14.5,12.8,17.2,0,2.7,0,0,1,0
A0A5F5XUE5_FELCA,23.7,19.2,19.2,23.7,0,4.5,0,0,1,0
A0A337RTP4_FELCA,23.9,20.1,19.5,23.9,0,3.8,0,0,1,0
M3W107_FELCA,19.5,17,15.8,19.5,0,2.5,0,0,1,0
A0A5F5XEN1_FELCA,20.9,18.9,19.3,20.9,0,2,0,0,1,0
A0A5F5XKF7_FELCA,26.6,18.8,18.5,26.6,0,7.8,0,0,1,0
A0A5F5XI47_FELCA,30.6,21.8,22.3,30.6,0,8.8,0,0,1,0
A0A2I2UM62_FELCA,24.7,18.6,18.9,24.7,0,6.1,0,0,1,0
M3WF05_FELCA,12.2,19,19.2,19.2,7,0.2,7,1,0,1
A0A5F5XCX3_FELCA,24,23.3,23.3,24,0,0.7,0,0,0,0
A0A2I2V2W1_FELCA,15.7,20,20.2,20.2,4.5,0.2,4.5,1,0,1
M3XAA2_FELCA,15.7,20.6,20.7,20.7,5,0.1,5,1,0,1
A0A337SD26_FELCA,18.5,20.9,19.7,20.9,2.4,0,2.4,1,0,1
A0A337S5C8_FELCA,20,20.4,20.6,20.6,0.6,0.2,0.6,0,0,0
A0A337SKX0_FELCA,18,19.3,19.5,19.5,1.5,0.2,1.5,1,0,1
A0A337SNJ1_FELCA,17.6,18.5,18.4,18.5,0.9,0,0.9,0,0,0
A0A2D0UF31_FELCA,20.3,19.2,19.4,20.3,0,1.1,0,0,1,0
A0A337SVW8_FELCA,13.1,16.7,16.9,16.9,3.8,0.2,3.8,1,0,1
A0A337S4A1_FELCA,19.6,22.5,22.8,22.8,3.2,0.3,3.2,1,0,1
M3W006_FELCA,17.4,20.3,20.4,20.4,3,0.1,3,1,0,1
A0A5F5XFT3_FELCA,23.1,22.3,22.2,23.1,0,0.8,0,0,0,0
A0A5F5XQW5_FELCA,15.8,21,21.3,21.3,5.5,0.3,5.5,1,0,1
A0A2D0UJY9_FELCA,23.1,23,22.9,23.1,0,0.1,0,0,0,0
A0A5F5XNT6_FELCA,18.5,18.3,18.1,18.5,0,0.2,0,0,0,0
A0A2D0UF13_FELCA,17.6,19.4,19.6,19.6,2,0.2,2,1,0,1
A0A337SNC1_FELCA,20.2,19.3,19.7,20.2,0,0.9,0,0,0,0
A0A2I2U3F3_FELCA,20.2,20.1,20.2,20.2,0,0.1,0,0,0,0
M3WKX9_FELCA,18.4,19.5,19.5,19.5,1.1,0,1.1,1,0,1
A0A2D0UUN5_FELCA,19.3,20.8,20.9,20.9,1.6,0.1,1.6,1,0,1
M3W4B6_FELCA,16.3,13.9,15.9,16.3,0,2.4,0,0,1,0
A0A337SNE1_FELCA,20.7,20.4,21.2,21.2,0.5,0.8,0.5,0,0,0
PTGDS_FELCA,27.4,20.7,20.7,27.4,0,6.7,0,0,1,0
A0A2I2UXS9_FELCA,20.2,13.1,12,20.2,0,7.1,0,0,1,0
M3VXN4_FELCA,23.4,20.6,21.2,23.4,0,2.8,0,0,1,0
A0A2I2V040_FELCA,15.1,16.1,16.6,16.6,1.5,0.5,1.5,1,0,1
A0A337SBR8_FELCA,20.7,16.1,15.1,20.7,0,4.6,0,0,1,0
A0A337S1R3_FELCA,20.9,16.5,16.7,20.9,0,4.4,0,0,1,0
A0A337RYS5_FELCA,25.1,22,22.2,25.1,0,3.1,0,0,1,0
A0A2I2UTT3_FELCA,24.2,21.1,21.4,24.2,0,3.1,0,0,1,0
A0A337S5F4_FELCA,25.2,21.2,21.3,25.2,0,4,0,0,1,0
A0A5F5XBP3_FELCA,19.6,20.9,21,21,1.4,0.1,1.4,1,0,1
A0A337RY95_FELCA,22.9,21.6,20.6,22.9,0,1.3,0,0,1,0
A0A2I2URE9_FELCA,16.7,16,15.7,16.7,0,0.7,0,0,0,0
A0A337S6M3_FELCA,18.7,21.1,21.1,21.1,2.4,0,2.4,1,0,1
A0A337SCB7_FELCA,20.4,18.2,17.7,20.4,0,2.2,0,0,1,0
A0A337SQ52_FELCA,22.3,18.9,19.2,22.3,0,3.4,0,0,1,0
A0A2I2UHS4_FELCA,18,17.4,16.7,18,0,0.6,0,0,0,0
M3W8T7_FELCA,18.9,19.6,20.4,20.4,1.5,0.8,1.5,1,0,1
A0A2I2UQ14_FELCA,21.9,22.9,20.5,22.9,1,0,1,1,0,1
A0A5F5XPQ2_FELCA,15.8,17.3,16.8,17.3,1.5,0,1.5,1,0,1
M3WST2_FELCA,25.3,23,23.2,25.3,0,2.3,0,0,1,0
M3WH13_FELCA,20.7,20.9,20.9,20.9,0.2,0,0.2,0,0,0
A0A5F5Y4S8_FELCA,22.1,19.4,19.4,22.1,0,2.7,0,0,1,0
A0A2I2UE17_FELCA,25.7,22.7,22.7,25.7,0,3,0,0,1,0
A0A5F5XH70_FELCA,20.7,20.2,20.5,20.7,0,0.5,0,0,0,0
A0A5F5XXR7_FELCA,23.6,22.7,23.1,23.6,0,0.9,0,0,0,0
A0A337S2P7_FELCA,19.2,19.1,19.2,19.2,0,0.1,0,0,0,0
M3WTD7_FELCA,19.1,15.5,14.9,19.1,0,3.6,0,0,1,0
A0A2I2UQJ5_FELCA,21.8,19.8,19.4,21.8,0,2,0,0,1,0
A0A2I2UAX8_FELCA,17.7,17.6,17.1,17.7,0,0.1,0,0,0,0
A0A2I2U095_FELCA,22.1,16.5,16.6,22.1,0,5.6,0,0,1,0
M3VYK6_FELCA,21,19.2,18.5,21,0,1.8,0,0,1,0
A0A2I2UAA6_FELCA,20.3,14.3,13.1,20.3,0,6,0,0,1,0
A0A5F5XRP9_FELCA,19.8,16.3,17.8,19.8,0,3.5,0,0,1,0
A0A337SHI5_FELCA,20.8,23.1,23.8,23.8,3,0.7,3,1,0,1
A0A337SSM4_FELCA,19.2,16.9,16.9,19.2,0,2.3,0,0,1,0
M3VXZ7_FELCA,20.1,20.3,20.4,20.4,0.3,0.1,0.3,0,0,0
A0A337SFP3_FELCA,19.2,17.7,17.1,19.2,0,1.5,0,0,1,0
M3WRD9_FELCA,18.9,11.8,12.9,18.9,0,7.1,0,0,1,0
A0A2I2UMT8_FELCA,22.1,16.5,16.6,22.1,0,5.6,0,0,1,0
A0A337SNI2_FELCA,22.9,20.9,21,22.9,0,2,0,0,1,0
M3WAZ7_FELCA,19.3,13,12.8,19.3,0,6.3,0,0,1,0
M3WXV4_FELCA,18.8,16.7,17.7,18.8,0,2.1,0,0,1,0
M3X4J3_FELCA,21.7,19.5,18.8,21.7,0,2.2,0,0,1,0
A0A2I2UBH5_FELCA,16.3,16.3,17.8,17.8,1.5,1.5,1.5,1,1,1
A0A2I2UHV5_FELCA,18.1,19.5,19.4,19.5,1.4,0,1.4,1,0,1
A0A2I2UGF8_FELCA,20.3,18.9,20.3,20.3,0,1.4,0,0,1,0
RET4_FELCA,24.9,26.8,26.7,26.8,1.9,0,1.9,1,0,1
A0A337S713_FELCA,23.8,13.9,13.6,23.8,0,9.9,0,0,1,0
M3VTY8_FELCA,21,18,18.1,21,0,3,0,0,1,0
A0A2I2U2A3_FELCA,25.5,21.9,22.2,25.5,0,3.6,0,0,1,0
A0A2I2UJB3_FELCA,19.1,17.3,16.7,19.1,0,1.8,0,0,1,0
A0A5F5XK46_FELCA,21.5,23.2,23.4,23.4,1.9,0.2,1.9,1,0,1
A0A1E1FFM2_FELCA,21.1,20.2,19.7,21.1,0,0.9,0,0,0,0
M3VZA9_FELCA,20.3,13.6,13.2,20.3,0,6.7,0,0,1,0
M3WNP8_FELCA,18.7,17.6,17.2,18.7,0,1.1,0,0,1,0
A0A337S746_FELCA,23.7,14.6,15.3,23.7,0,9.1,0,0,1,0
A0A337SCF8_FELCA,23.9,19,18,23.9,0,4.9,0,0,1,0
A0A5F5XYD7_FELCA,16.1,14.1,13.7,16.1,0,2,0,0,1,0
A0A337SGN2_FELCA,22.8,16.3,15.4,22.8,0,6.5,0,0,1,0
A0A2I2V4L0_FELCA,18.6,13,15,18.6,0,5.6,0,0,1,0
A0A337SD93_FELCA,16.3,12.5,11.2,16.3,0,3.8,0,0,1,0
M3WHT7_FELCA,20,13.2,13.8,20,0,6.8,0,0,1,0
A0A5F5XH32_FELCA,21.4,20,19.4,21.4,0,1.4,0,0,1,0
M3WU80_FELCA,19.6,17.9,17.9,19.6,0,1.7,0,0,1,0
A0A2I2UTY4_FELCA,21.3,17,18,21.3,0,4.3,0,0,1,0
A0A2I2UD52_FELCA,23.1,19.1,19.4,23.1,0,4,0,0,1,0
A0A5F5Y3Z8_FELCA,27,16.9,18,27,0,10.1,0,0,1,0
A0A337SES4_FELCA,19.5,22,21.6,22,2.5,0,2.5,1,0,1
M3WX61_FELCA,24.2,18.7,17.9,24.2,0,5.5,0,0,1,0
A0A337S1U9_FELCA,23.6,21.2,20.8,23.6,0,2.4,0,0,1,0
A0A5F5XMF6_FELCA,19.9,15.7,15.7,19.9,0,4.2,0,0,1,0
A0A337STQ6_FELCA,18.1,17.5,17.9,18.1,0,0.6,0,0,0,0
A0A2I2UIU2_FELCA,20.4,19.9,19.7,20.4,0,0.5,0,0,0,0
M3W6G1_FELCA,23.1,18.7,18.6,23.1,0,4.4,0,0,1,0
A0A2I2USV9_FELCA,23.4,17.8,18.2,23.4,0,5.6,0,0,1,0
A0A2I2UXP2_FELCA,23.3,19.9,20,23.3,0,3.4,0,0,1,0
M3X277_FELCA,21.5,19.7,18.8,21.5,0,1.8,0,0,1,0
M3WBP8_FELCA,22.7,20.1,19.9,22.7,0,2.6,0,0,1,0
M3WH96_FELCA,18.2,13.5,12.4,18.2,0,4.7,0,0,1,0
A0A2I2U7X2_FELCA,22.8,21.1,20.4,22.8,0,1.7,0,0,1,0
A0A2I2U066_FELCA,14.9,12.3,12.8,14.9,0,2.6,0,0,1,0
A0A337S5J7_FELCA,24.8,21.8,21.6,24.8,0,3,0,0,1,0
M3VZI2_FELCA,16.8,13.1,11.3,16.8,0,3.7,0,0,1,0
M3WK02_FELCA,15.4,14.5,13.1,15.4,0,0.9,0,0,0,0
A0A2I2URR0_FELCA,20.4,17,16.1,20.4,0,3.4,0,0,1,0
M3VZX1_FELCA,20.1,16.7,16.7,20.1,0,3.4,0,0,1,0
M3W6R4_FELCA,17.9,19.1,18.5,19.1,1.2,0,1.2,1,0,1
Q1T771_FELCA,17,18,18,18,1,0,1,1,0,1
SAA_FELCA,20.6,20.2,20.1,20.6,0,0.4,0,0,0,0
A0A337SKP2_FELCA,15.9,16.5,17,17,1.1,0.5,1.1,1,0,1
A0A5F5XKD6_FELCA,24.1,18.5,16.8,24.1,0,5.6,0,0,1,0
A0A337RY68_FELCA,19.1,16.8,16.9,19.1,0,2.3,0,0,1,0
M3WQ85_FELCA,22.3,19.1,19.4,22.3,0,3.2,0,0,1,0
A0A5F5XHE0_FELCA,22.7,27.1,26.7,27.1,4.4,0,4.4,1,0,1
M3WBA3_FELCA,18,21.7,21.2,21.7,3.7,0,3.7,1,0,1
A0A2I2UX36_FELCA,21.9,22.1,16.2,22.1,0.2,0,0.2,0,0,0
A0A337SWS1_FELCA,24.1,20.7,19.5,24.1,0,3.4,0,0,1,0
A0A5F5XNW4_FELCA,20.2,15.4,16.4,20.2,0,4.8,0,0,1,0
A0A337S649_FELCA,22.5,14.4,14.4,22.5,0,8.1,0,0,1,0
M3X6M9_FELCA,26.9,19.5,20,26.9,0,7.4,0,0,1,0
A0A337S0T3_FELCA,24.4,25.9,27.1,27.1,2.7,1.2,2.7,1,1,1
A0A5F5XYV1_FELCA,19.7,10.5,10.6,19.7,0,9.2,0,0,1,0
M3W808_FELCA,23.8,20.2,20.5,23.8,0,3.6,0,0,1,0
A0A2I2UXY4_FELCA,23.5,21.5,21.9,23.5,0,2,0,0,1,0
M3VXE7_FELCA,21.9,19.9,19.9,21.9,0,2,0,0,1,0
A0A337S3N8_FELCA,19.8,20.3,21,21,1.2,0.7,1.2,1,0,1
A0A2I2U2J6_FELCA,21.2,21.3,21.1,21.3,0.1,0,0.1,0,0,0
M3XD95_FELCA,21.1,18.9,18.5,21.1,0,2.2,0,0,1,0
M3W1S6_FELCA,17.5,13.5,13.6,17.5,0,4,0,0,1,0
A0A337SKV9_FELCA,21.5,19.4,19.6,21.5,0,2.1,0,0,1,0
A0A337S4F4_FELCA,18,15.9,14.5,18,0,2.1,0,0,1,0
A0A337RVW7_FELCA,19.4,17.9,18.9,19.4,0,1.5,0,0,1,0
A0A337S8G3_FELCA,19.3,20.3,20.3,20.3,1,0,1,1,0,1
A0A5F5XW04_FELCA,28.5,30.1,30.2,30.2,1.7,0.1,1.7,1,0,1
M3WCX1_FELCA,28.4,29.9,30,30,1.6,0.1,1.6,1,0,1
M3WCX2_FELCA,15.2,14.5,14.3,15.2,0,0.7,0,0,0,0
M3WCX6_FELCA,22,23.5,23.6,23.6,1.6,0.1,1.6,1,0,1
M3WCX4_FELCA,21.8,24.6,24.4,24.6,2.8,0,2.8,1,0,1
A0A5F5Y5G3_FELCA,19.6,18.7,19,19.6,0,0.9,0,0,0,0
M3WCX0_FELCA,26.7,24.6,24.5,26.7,0,2.1,0,0,1,0
M3W9H4_FELCA,20.9,19.4,20.6,20.9,0,1.5,0,0,1,0
A0A2I2UQ88_FELCA,16.1,15.5,10.2,16.1,0,0.6,0,0,0,0
A0A2I2UMR7_FELCA,24.3,20.7,22,24.3,0,3.6,0,0,1,0
M3WLL8_FELCA,28.2,31.3,31.3,31.3,3.1,0,3.1,1,0,1
M3W543_FELCA,24.5,28.2,28.3,28.3,3.8,0.1,3.8,1,0,1
M3W4Q4_FELCA,14,16,16.5,16.5,2.5,0.5,2.5,1,0,1
M3W5N1_FELCA,25.2,28.7,28.8,28.8,3.6,0.1,3.6,1,0,1
M3W5N0_FELCA,23.3,25.2,25.2,25.2,1.9,0,1.9,1,0,1
A0A2I2U9A5_FELCA,26.1,28.5,28.4,28.5,2.4,0,2.4,1,0,1
A0A5F5XDM5_FELCA,24.5,28.3,28.9,28.9,4.4,0.6,4.4,1,0,1
A0A5F5Y090_FELCA,20.6,24.8,25.3,25.3,4.7,0.5,4.7,1,0,1
A0A5F5XLC7_FELCA,26.3,23.4,24,26.3,0,2.9,0,0,1,0
A0A5F5Y312_FELCA,22.3,18.9,19.1,22.3,0,3.4,0,0,1,0
A0A2I2UR94_FELCA,18.6,13.5,14,18.6,0,5.1,0,0,1,0
M3X0E0_FELCA,22.4,14.4,14.8,22.4,0,8,0,0,1,0
M3WNK3_FELCA,20.2,13.5,13.2,20.2,0,6.7,0,0,1,0
A0A337SBP5_FELCA,22,16.3,16.2,22,0,5.7,0,0,1,0
M3VVP5_FELCA,24.3,22.3,22.2,24.3,0,2,0,0,1,0
A0A337RXI4_FELCA,20.6,16.3,18.5,20.6,0,4.3,0,0,1,0
M3WHM8_FELCA,28.9,18.5,18.4,28.9,0,10.4,0,0,1,0
A0A5F5XDP8_FELCA,23.5,26.6,26.4,26.6,3.1,0,3.1,1,0,1
A0A337SFV1_FELCA,21.7,24.6,24.7,24.7,3,0.1,3,1,0,1
A0A5F5Y6V8_FELCA,16.4,21.4,21.2,21.4,5,0,5,1,0,1
A0A337S703_FELCA,22,13.8,15.1,22,0,8.2,0,0,1,0
A0A337SBU4_FELCA,19,12.3,13.5,19,0,6.7,0,0,1,0
M3VUS4_FELCA,18,10.8,10.5,18,0,7.2,0,0,1,0
A0A2I2UZT1_FELCA,27.8,19.7,18.6,27.8,0,8.1,0,0,1,0
A0A337S6F7_FELCA,20.3,12.6,10.9,20.3,0,7.7,0,0,1,0
A0A5F5Y5C4_FELCA,18,11,10.4,18,0,7,0,0,1,0
A0A2I2UL92_FELCA,23,23.6,24,24,1,0.4,1,1,0,1
M3W6U8_FELCA,23.6,18,18.4,23.6,0,5.6,0,0,1,0
M3VYU4_FELCA,22.6,20.5,21.2,22.6,0,2.1,0,0,1,0
A0A2I2UGY0_FELCA,24.3,24,23.6,24.3,0,0.3,0,0,0,0
A0A5F5XD74_FELCA,21.2,21.5,20.8,21.5,0.3,0,0.3,0,0,0
M3WNL1_FELCA,23.9,25.5,25.6,25.6,1.7,0.1,1.7,1,0,1
A0A2I2USM1_FELCA,22.2,20.7,24.7,24.7,2.5,4,2.5,1,1,1
A0A337SUE7_FELCA,20.6,21.9,22.4,22.4,1.8,0.5,1.8,1,0,1
A0A337SCZ5_FELCA,19.2,14.9,13.9,19.2,0,4.3,0,0,1,0
A0A337RV27_FELCA,22.4,24.1,23.6,24.1,1.7,0,1.7,1,0,1
M3WGV2_FELCA,21.6,19.6,21,21.6,0,2,0,0,1,0
M3VX59_FELCA,21.5,22.1,21.5,22.1,0.6,0,0.6,0,0,0
A0A2I2UUV9_FELCA,22,18.6,18.2,22,0,3.4,0,0,1,0
A0A2I2URL1_FELCA,17.7,19.4,16.3,19.4,1.7,0,1.7,1,0,1
A0A5F5XZL1_FELCA,20.6,14.7,14.3,20.6,0,5.9,0,0,1,0
A0A2I2UA74_FELCA,19.4,19.2,17.6,19.4,0,0.2,0,0,0,0
M3VWU4_FELCA,19.9,20.3,20.4,20.4,0.5,0.1,0.5,0,0,0
M3VV37_FELCA,24.6,26.4,26.4,26.4,1.8,0,1.8,1,0,1
M3WLC0_FELCA,22.8,18,18.3,22.8,0,4.8,0,0,1,0
A0A2I2U4M0_FELCA,19.9,23.6,24.4,24.4,4.5,0.8,4.5,1,0,1
A0A2I2UF62_FELCA,16.6,13.4,11.2,16.6,0,3.2,0,0,1,0
A0A337SG91_FELCA,21.2,19,19.8,21.2,0,2.2,0,0,1,0
A0A5F5XQN8_FELCA,21.3,17.5,18.4,21.3,0,3.8,0,0,1,0
A0A337SAB7_FELCA,18.6,15,15.1,18.6,0,3.6,0,0,1,0
M3WJJ1_FELCA,19.5,19.9,19.8,19.9,0.4,0,0.4,0,0,0
A0A5F5XDQ5_FELCA,21.1,19,18.7,21.1,0,2.1,0,0,1,0
M3WYV4_FELCA,20.1,20.4,21.5,21.5,1.4,1.1,1.4,1,1,1
A0A5F5XEN6_FELCA,18.2,18.1,17.7,18.2,0,0.1,0,0,0,0
A0A2I2UPJ1_FELCA,19.3,14.9,14.2,19.3,0,4.4,0,0,1,0
A0A5F5XC30_FELCA,19.6,18,18.1,19.6,0,1.6,0,0,1,0
M3WBM7_FELCA,22.2,17.7,17.4,22.2,0,4.5,0,0,1,0
M3W1G1_FELCA,20.5,18.5,18.7,20.5,0,2,0,0,1,0
M3XF74_FELCA,21.3,19.4,19.5,21.3,0,1.9,0,0,1,0
M3VYI8_FELCA,17.3,18.7,18.8,18.8,1.5,0.1,1.5,1,0,1
A0A2I2U579_FELCA,16.7,14.5,14.9,16.7,0,2.2,0,0,1,0
A0A2I2UV69_FELCA,20.1,10.8,11.1,20.1,0,9.3,0,0,1,0
A0A2I2UAJ7_FELCA,20.8,11.3,10.3,20.8,0,9.5,0,0,1,0
A0A337S693_FELCA,19.7,16,16.2,19.7,0,3.7,0,0,1,0
A0A5F5Y4Q7_FELCA,19.7,19.2,19.6,19.7,0,0.5,0,0,0,0
M3X374_FELCA,22.6,22.2,22.2,22.6,0,0.4,0,0,0,0
A0A5F5XFM9_FELCA,20.8,22.1,21.9,22.1,1.3,0,1.3,1,0,1
A0A2I2U480_FELCA,17.9,17.9,19.4,19.4,1.5,1.5,1.5,1,1,1
M3W8Q2_FELCA,21.9,21.3,21.3,21.9,0,0.6,0,0,0,0
M3X4X1_FELCA,15.4,11.2,10.6,15.4,0,4.2,0,0,1,0
A0A2I2UPH5_FELCA,25.7,22.2,22.4,25.7,0,3.5,0,0,1,0
A0A2I2U3N0_FELCA,19.5,15.8,16,19.5,0,3.7,0,0,1,0
A0A337SS20_FELCA,23.8,21.1,21.8,23.8,0,2.7,0,0,1,0
A0A2I2V1M2_FELCA,21.8,21.1,20.4,21.8,0,0.7,0,0,0,0
A0A5F5XL46_FELCA,21.8,21.4,21.3,21.8,0,0.4,0,0,0,0
M3WIG3_FELCA,17.5,16.5,15.9,17.5,0,1,0,0,1,0
A0A5F5XK14_FELCA,22.8,22.9,21.5,22.9,0.1,0,0.1,0,0,0
M3WM95_FELCA,19.3,10.2,10.5,19.3,0,9.1,0,0,1,0
A0A5F5XKY6_FELCA,19.3,15.3,16,19.3,0,4,0,0,1,0
A0A5F5XR50_FELCA,18.6,17,17.1,18.6,0,1.6,0,0,1,0
A0A2I2U991_FELCA,18.7,22.5,22.6,22.6,3.9,0.1,3.9,1,0,1
A0A2I2U9I8_FELCA,23.4,19.7,19.4,23.4,0,3.7,0,0,1,0
A0A2I2UZ18_FELCA,19,14.7,14.1,19,0,4.3,0,0,1,0
M3WLW6_FELCA,22.9,21,19.6,22.9,0,1.9,0,0,1,0
M3X7Y2_FELCA,20.3,16,15.4,20.3,0,4.3,0,0,1,0
A0A5F5XHK0_FELCA,18.7,13.5,15.7,18.7,0,5.2,0,0,1,0
M3WYD3_FELCA,21.3,18.4,18.7,21.3,0,2.9,0,0,1,0
M3WMU1_FELCA,20.4,20.6,20.6,20.6,0.2,0,0.2,0,0,0
M3WI49_FELCA,18.8,14.6,15.4,18.8,0,4.2,0,0,1,0
A0A337RYL8_FELCA,18.5,16.4,15.8,18.5,0,2.1,0,0,1,0
A0A2I2UM84_FELCA,16.7,15.5,15.4,16.7,0,1.2,0,0,1,0
A0A2I2UVQ2_FELCA,26.2,19.8,20,26.2,0,6.4,0,0,1,0
A0A5F5XTV6_FELCA,23.8,22,22,23.8,0,1.8,0,0,1,0
A0A2I2UR05_FELCA,20.1,19,19.4,20.1,0,1.1,0,0,1,0
A0A5F5XIW6_FELCA,19,14.9,15.7,19,0,4.1,0,0,1,0
M3VVT0_FELCA,16.7,12.5,14,16.7,0,4.2,0,0,1,0
A0A2I2U6D2_FELCA,16.7,18.9,17.1,18.9,2.2,0,2.2,1,0,1
A0A337S5T6_FELCA,20.4,16.6,16.2,20.4,0,3.8,0,0,1,0
A0A5F5XQY8_FELCA,17.9,15.4,15.9,17.9,0,2.5,0,0,1,0
A0A2I2UHD5_FELCA,21.9,18.9,19,21.9,0,3,0,0,1,0
M3WJN7_FELCA,20,18.1,19.4,20,0,1.9,0,0,1,0
M3WN53_FELCA,19.4,18.1,18.6,19.4,0,1.3,0,0,1,0
A0A5F5Y3A1_FELCA,20.6,18.5,18.6,20.6,0,2.1,0,0,1,0
M3XCB8_FELCA,20.1,19.1,18.3,20.1,0,1,0,0,1,0
A0A337SUF8_FELCA,18.4,15.7,16.4,18.4,0,2.7,0,0,1,0
A0A2I2UP70_FELCA,20.7,20,20.4,20.7,0,0.7,0,0,0,0
M3VWX8_FELCA,26.1,24.9,22.8,26.1,0,1.2,0,0,1,0
A0A337RXK1_FELCA,24.3,21.9,22.2,24.3,0,2.4,0,0,1,0
M3WBD8_FELCA,21.4,18.3,16.9,21.4,0,3.1,0,0,1,0
A0A5F5XF46_FELCA,21.3,19,17.7,21.3,0,2.3,0,0,1,0
M3VZE1_FELCA,23.1,19.3,19,23.1,0,3.8,0,0,1,0
M3WVG6_FELCA,21.4,21.9,22.8,22.8,1.4,0.9,1.4,1,0,1
A0A5F5Y1D6_FELCA,21.9,21.3,21.8,21.9,0,0.6,0,0,0,0
A0A5F5XQX5_FELCA,20.7,20.2,20.4,20.7,0,0.5,0,0,0,0
A0A2I2U8C8_FELCA,17.3,18.5,19.1,19.1,1.8,0.6,1.8,1,0,1
A0A2I2UTP2_FELCA,23.4,15.7,16,23.4,0,7.7,0,0,1,0
A0A337SNU3_FELCA,18.6,18.2,18.7,18.7,0.1,0.5,0.1,0,0,0
A0A5F5XD47_FELCA,19.8,16.6,16.6,19.8,0,3.2,0,0,1,0
A0A5F5XJ51_FELCA,22.6,22.8,22.6,22.8,0.2,0,0.2,0,0,0
M3X0W1_FELCA,23.6,23.8,23.5,23.8,0.2,0,0.2,0,0,0
A0A5F5XNI1_FELCA,31.9,33.1,33.3,33.3,1.4,0.2,1.4,1,0,1
M3X260_FELCA,25.5,26.9,27,27,1.5,0.1,1.5,1,0,1
A0A5F5XXX0_FELCA,27,28.3,28.3,28.3,1.3,0,1.3,1,0,1
M3WBQ5_FELCA,28.6,29.1,29.2,29.2,0.6,0.1,0.6,0,0,0
B4X8D7_FELCA,26.5,19.3,18,26.5,0,7.2,0,0,1,0
B4X8D8_FELCA,26.2,19.7,19.5,26.2,0,6.5,0,0,1,0
M3WI50_FELCA,19.1,12.3,12.1,19.1,0,6.8,0,0,1,0
A0A5F5XDK9_FELCA,25.8,18.5,18.5,25.8,0,7.3,0,0,1,0
TFR1_FELCA,20.2,20.7,21.2,21.2,1,0.5,1,1,0,1
M3WKJ1_FELCA,23.7,23,23.5,23.7,0,0.7,0,0,0,0
A0A337SBT0_FELCA,20.9,19.1,18.2,20.9,0,1.8,0,0,1,0
A0A5F5XGQ1_FELCA,22.1,19.9,21.1,22.1,0,2.2,0,0,1,0
A0A5F5XD94_FELCA,22.7,20.7,21.3,22.7,0,2,0,0,1,0
A0A2I2UM78_FELCA,23.8,24.1,24.5,24.5,0.7,0.4,0.7,0,0,0
M3WF45_FELCA,26,24.5,24.9,26,0,1.5,0,0,1,0
A0A2I2UG29_FELCA,14,10,10.2,14,0,4,0,0,1,0
M3W148_FELCA,18.7,18.9,18.9,18.9,0.2,0,0.2,0,0,0
A0A5F5XNC0_FELCA,18.8,17.9,18.4,18.8,0,0.9,0,0,0,0
A0A2I2UGV7_FELCA,26.4,20,20,26.4,0,6.4,0,0,1,0
A0A337S209_FELCA,21.8,20.7,21.4,21.8,0,1.1,0,0,1,0
A0A337SK12_FELCA,20.2,15.6,14.8,20.2,0,4.6,0,0,1,0
A0A2I2UP29_FELCA,28.1,21.2,20.7,28.1,0,6.9,0,0,1,0
A0A2I2U4F9_FELCA,22.3,21.4,23.5,23.5,1.2,2.1,1.2,1,1,1
M3W949_FELCA,23,22,23.4,23.4,0.4,1.4,0.4,0,1,0
A0A337SHQ6_FELCA,22.4,22.3,23.3,23.3,0.9,1,0.9,0,1,0
A0A2I2UAQ8_FELCA,21.3,19.6,19.6,21.3,0,1.7,0,0,1,0
A0A337SA15_FELCA,24.6,17.2,17.2,24.6,0,7.4,0,0,1,0
A0A337S5K9_FELCA,20.7,11.4,11.2,20.7,0,9.3,0,0,1,0
A0A337S2N1_FELCA,19.8,21.5,21.5,21.5,1.7,0,1.7,1,0,1
M3X940_FELCA,18.8,13.5,13.2,18.8,0,5.3,0,0,1,0
A0A5F5Y1L1_FELCA,21.3,19.6,18.9,21.3,0,1.7,0,0,1,0
A0A2I2V2A4_FELCA,20,17.2,17.1,20,0,2.8,0,0,1,0
M3XFJ6_FELCA,22.9,21.6,21.5,22.9,0,1.3,0,0,1,0
M3WPL3_FELCA,19.5,12.1,12.6,19.5,0,7.4,0,0,1,0
A0A2I2UKF8_FELCA,23.3,20.2,20.9,23.3,0,3.1,0,0,1,0
A0A2I2UFI9_FELCA,16.5,16.2,15.7,16.5,0,0.3,0,0,0,0
M3WBR7_FELCA,14.6,15.5,14.6,15.5,0.9,0,0.9,0,0,0
M3W5X2_FELCA,24,13.2,15.4,24,0,10.8,0,0,1,0
A0A337S0Q7_FELCA,18,12.5,11.8,18,0,5.5,0,0,1,0
A0A5F5XDF0_FELCA,22,21.6,21.4,22,0,0.4,0,0,0,0
M3WP30_FELCA,18.2,16.3,15.7,18.2,0,1.9,0,0,1,0
M3WSW8_FELCA,21.1,11.5,12.5,21.1,0,9.6,0,0,1,0
A0A5F5XZP8_FELCA,31.7,19,19.6,31.7,0,12.7,0,0,1,0
A0A5F5XRV1_FELCA,20.7,18.7,17.7,20.7,0,2,0,0,1,0
A0A2I2U348_FELCA,18.6,11.1,10.4,18.6,0,7.5,0,0,1,0
M3W8X2_FELCA,20.7,17.6,17.2,20.7,0,3.1,0,0,1,0
M3WTN0_FELCA,16.3,17.1,17.1,17.1,0.8,0,0.8,0,0,0
A0A2I2UFV7_FELCA,26.4,23,23.2,26.4,0,3.4,0,0,1,0
A0A2I2UUG3_FELCA,22.7,19.9,20.6,22.7,0,2.8,0,0,1,0
A0A2I2UQD4_FELCA,20.9,18,17.6,20.9,0,2.9,0,0,1,0
A0A5F5XSD6_FELCA,20.7,19.9,19,20.7,0,0.8,0,0,0,0
A0A2I2V223_FELCA,16.9,12.6,12.8,16.9,0,4.3,0,0,1,0
A0A337SE86_FELCA,24.4,21.4,22,24.4,0,3,0,0,1,0
A0A5F5Y208_FELCA,18.4,17.5,17.9,18.4,0,0.9,0,0,0,0
A0A337SN48_FELCA,20.8,17.5,16.9,20.8,0,3.3,0,0,1,0
A0A337S3S3_FELCA,19.7,19.1,19.8,19.8,0.1,0.7,0.1,0,0,0
A0A337SCZ0_FELCA,19.5,14.3,14.1,19.5,0,5.2,0,0,1,0
M3X9A1_FELCA,22.7,20,20.2,22.7,0,2.7,0,0,1,0
A0A2I2URE8_FELCA,16.3,14.9,15.7,16.3,0,1.4,0,0,1,0
A0A2I2U057_FELCA,21.2,20.2,20.4,21.2,0,1,0,0,1,0
A0A2I2UY85_FELCA,18.2,18.7,19.7,19.7,1.5,1,1.5,1,1,1
A0A5F5XI45_FELCA,13.9,16.4,16,16.4,2.5,0,2.5,1,0,1
A0A337RXS4_FELCA,23.6,22,21.6,23.6,0,1.6,0,0,1,0
A0A337RUS6_FELCA,23.1,16.4,19,23.1,0,6.7,0,0,1,0
A0A2I2UQM8_FELCA,21,18.6,21.3,21.3,0.3,2.7,0.3,0,1,0
A0A337SU32_FELCA,22.8,21.9,22.4,22.8,0,0.9,0,0,0,0
A0A337SC81_FELCA,18.2,17.6,17.9,18.2,0,0.6,0,0,0,0
M3VUZ7_FELCA,23.4,20.1,18.6,23.4,0,3.3,0,0,1,0
A0A2I2UDW9_FELCA,20.5,20.2,21,21,0.5,0.8,0.5,0,0,0
A0A2I2UB49_FELCA,22.8,21.1,19.3,22.8,0,1.7,0,0,1,0
M3WPX9_FELCA,18.1,17.9,18.2,18.2,0.1,0.3,0.1,0,0,0
A0A337SAI4_FELCA,22.7,23.9,21.6,23.9,1.2,0,1.2,1,0,1
M3WEV9_FELCA,28.1,31.3,31.3,31.3,3.2,0,3.2,1,0,1
A0A337S1Z7_FELCA,21.9,23.4,19.2,23.4,1.5,0,1.5,1,0,1
A0A2I2U1M4_FELCA,21.5,22.1,22.6,22.6,1.1,0.5,1.1,1,0,1
A0A2I2UVC7_FELCA,20.2,18.1,18.1,20.2,0,2.1,0,0,1,0
A0A2I2UZ20_FELCA,20.8,18.7,18.4,20.8,0,2.1,0,0,1,0
A0A2I2UXF6_FELCA,17.7,16.7,16,17.7,0,1,0,0,1,0
A0A2I2UBF3_FELCA,20.1,20,20.3,20.3,0.2,0.3,0.2,0,0,0
A0A5F5XDY3_FELCA,20.4,14.6,14.2,20.4,0,5.8,0,0,1,0
A0A2I2UAT5_FELCA,23,19.5,19.4,23,0,3.5,0,0,1,0
A0A5F5XBV5_FELCA,22.3,17.6,17.9,22.3,0,4.7,0,0,1,0
M3X4Y2_FELCA,22.4,18.7,18.8,22.4,0,3.7,0,0,1,0
A0A337RU81_FELCA,23.1,19.8,20.7,23.1,0,3.3,0,0,1,0
A0A2I2V2Q8_FELCA,17.6,16.2,17.2,17.6,0,1.4,0,0,1,0
A0A2I2V0W1_FELCA,20.9,19.9,19.1,20.9,0,1,0,0,1,0
RL40_FELCA,26.8,22.1,22.1,26.8,0,4.7,0,0,1,0
A0A2I2UFV8_FELCA,23.7,16.4,16.3,23.7,0,7.3,0,0,1,0
A0A337S307_FELCA,16.2,13.5,14.9,16.2,0,2.7,0,0,1,0
M3X7A8_FELCA,20.7,13.8,14.1,20.7,0,6.9,0,0,1,0
M3VWB5_FELCA,21.1,21.1,21.1,21.1,0,0,0,0,0,0
M3W230_FELCA,32.3,21.1,21.2,32.3,0,11.2,0,0,1,0
A0A337S3Y7_FELCA,17.2,15.1,14.8,17.2,0,2.1,0,0,1,0
M3WUK1_FELCA,19.1,12,10.5,19.1,0,7.1,0,0,1,0
A0A5F5XVJ0_FELCA,17.2,16.5,14.5,17.2,0,0.7,0,0,0,0
A0A5F5XS01_FELCA,18.1,17.5,18,18.1,0,0.6,0,0,0,0
A0A2I2U2G1_FELCA,13.8,13.8,12.9,13.8,0,0,0,0,0,0
A0A5F5Y2F0_FELCA,21.5,17.6,17.5,21.5,0,3.9,0,0,1,0
M3WEQ2_FELCA,26.6,20,19.7,26.6,0,6.6,0,0,1,0
M3WIA9_FELCA,20.8,21.1,21.4,21.4,0.6,0.3,0.6,0,0,0
A0A337RXZ6_FELCA,27.8,24.2,24,27.8,0,3.6,0,0,1,0
M3WED4_FELCA,25.4,20.7,20.6,25.4,0,4.7,0,0,1,0
A0A2I2UH10_FELCA,17.1,15.6,14.9,17.1,0,1.5,0,0,1,0
M3VW05_FELCA,19.6,18.8,18.2,19.6,0,0.8,0,0,0,0
A0A2I2UXU4_FELCA,23.5,23.3,23.7,23.7,0.2,0.4,0.2,0,0,0
M3X2J1_FELCA,23.5,19.6,20,23.5,0,3.9,0,0,1,0
A0A2I2V1K5_FELCA,21,17.3,17.6,21,0,3.7,0,0,1,0
M3VYE6_FELCA,23.8,23,22.4,23.8,0,0.8,0,0,0,0
A0A2I2U8W9_FELCA,24.1,21.4,21.7,24.1,0,2.7,0,0,1,0
A0A337SUD5_FELCA,19.1,14.3,14.7,19.1,0,4.8,0,0,1,0
A0A2I2UCX4_FELCA,18,11.7,11.5,18,0,6.3,0,0,1,0
M3W8U6_FELCA,26.7,21.9,21.7,26.7,0,4.8,0,0,1,0
A0A5F5XTH2_FELCA,23.4,25,24.8,25,1.6,0,1.6,1,0,1
A0A2I2UUX6_FELCA,24,25.5,25.6,25.6,1.6,0.1,1.6,1,0,1
A0A337S0D4_FELCA,20.7,22.9,23,23,2.3,0.1,2.3,1,0,1
A0A5F5XLU4_FELCA,21.8,18.8,17.9,21.8,0,3,0,0,1,0
A0A5F5XLV1_FELCA,21.3,17.6,17.8,21.3,0,3.7,0,0,1,0
A0A337SIC4_FELCA,19.4,18.3,17.2,19.4,0,1.1,0,0,1,0
A0A5F5XEZ3_FELCA,22.2,17.2,17.4,22.2,0,5,0,0,1,0
A0A5F5XGU3_FELCA,22.6,21.3,21.1,22.6,0,1.3,0,0,1,0
A0A2I2UFC7_FELCA,19,16.6,16.3,19,0,2.4,0,0,1,0
A0A5F5XWJ8_FELCA,19.9,19.6,18.9,19.9,0,0.3,0,0,0,0
A0A337SJF6_FELCA,20.2,19,18.3,20.2,0,1.2,0,0,1,0
A0A2I2UNJ3_FELCA,24,21.5,20.5,24,0,2.5,0,0,1,0
M3WXF7_FELCA,21,19,19.4,21,0,2,0,0,1,0
A0A5F5XJU3_FELCA,21.1,17.3,18,21.1,0,3.8,0,0,1,0
M3WEH0_FELCA,20.5,15.4,16,20.5,0,5.1,0,0,1,0
M3XCE8_FELCA,18.1,15.1,15.7,18.1,0,3,0,0,1,0
A0A337S1D0_FELCA,21.8,21,21.2,21.8,0,0.8,0,0,0,0
M3W9I5_FELCA,27.5,27.6,27.6,27.6,0.1,0,0.1,0,0,0
M3WSQ2_FELCA,19,17.3,17.7,19,0,1.7,0,0,1,0
M3XCS6_FELCA,19.6,17.9,18.2,19.6,0,1.7,0,0,1,0
A0A061DD19_FELCA,22.7,22.6,22.9,22.9,0.2,0.3,0.2,0,0,0
A0A337S7R6_FELCA,15.8,15.7,13.5,15.8,0,0.1,0,0,0,0
M3W7M9_FELCA,15.5,14.2,14.2,15.5,0,1.3,0,0,1,0
A0A2I2UEP1_FELCA,21.7,21.7,21.8,21.8,0.1,0.1,0.1,0,0,0
A0A5F5XN85_FELCA,19.9,20.2,19.6,20.2,0.3,0,0.3,0,0,0
A0A337SCH3_FELCA,27.9,14.7,16.2,27.9,0,13.2,0,0,1,0
M3W8X1_FELCA,16.9,12.6,14.8,16.9,0,4.3,0,0,1,0
M3VVC0_FELCA,20.1,14.7,14,20.1,0,5.4,0,0,1,0
M3VZR2_FELCA,22.4,24.1,23.8,24.1,1.7,0,1.7,1,0,1
A0A5F5XCJ6_FELCA,28.1,16.4,17.4,28.1,0,11.7,0,0,1,0
M3WFK3_FELCA,20.6,19.8,21,21,0.4,1.2,0.4,0,1,0
A0A337SCS9_FELCA,23.4,20.2,20.5,23.4,0,3.2,0,0,1,0
M3VWG1_FELCA,20.8,20.1,20.4,20.8,0,0.7,0,0,0,0
A0A5F5XZJ4_FELCA,21.8,19.3,20.2,21.8,0,2.5,0,0,1,0
M3WVC7_FELCA,22.5,19.7,19.3,22.5,0,2.8,0,0,1,0
A0A5K1VG18_FELCA,20.2,15,14.2,20.2,0,5.2,0,0,1,0
A0A2I2UTC5_FELCA,15.7,20.4,20.2,20.4,4.7,0,4.7,1,0,1
A0A5F5XBP5_FELCA,20.5,19.3,22.4,22.4,1.9,3.1,1.9,1,1,1
A0A337SLM1_FELCA,27,26.5,26.4,27,0,0.5,0,0,0,0
M3WPT0_FELCA,26.4,25.5,25.5,26.4,0,0.9,0,0,0,0
A0A2I2UXF5_FELCA,24.5,23.3,23.3,24.5,0,1.2,0,0,1,0
A0A5F5XU81_FELCA,28.5,21.4,22.7,28.5,0,7.1,0,0,1,0
A0A2I2U5G8_FELCA,25.7,26.1,25.5,26.1,0.4,0,0.4,0,0,0
A0A5F5XGI8_FELCA,22.4,16.6,16.9,22.4,0,5.8,0,0,1,0
A0A5F5Y249_FELCA,22.8,23.1,23.1,23.1,0.3,0,0.3,0,0,0
A0A291NGR0_FELCA,25.8,21.5,21.8,25.8,0,4.3,0,0,1,0
A0A337S3R0_FELCA,27.4,26.2,26.2,27.4,0,1.2,0,0,1,0
A0A5F5XER5_FELCA,25.5,29.4,29.5,29.5,4,0.1,4,1,0,1
A0A5F5XL80_FELCA,25.9,29.1,29.2,29.2,3.3,0.1,3.3,1,0,1
A0A291NH43_FELCA,15.5,17.9,16.7,17.9,2.4,0,2.4,1,0,1
A0A2I2V2Y7_FELCA,26.5,23.7,23.4,26.5,0,2.8,0,0,1,0
A0A2I2ULZ3_FELCA,25.3,18,19.7,25.3,0,7.3,0,0,1,0
M3W0R2_FELCA,22.3,15.6,15.1,22.3,0,6.7,0,0,1,0
A0A337SP31_FELCA,20.6,18.3,18.7,20.6,0,2.3,0,0,1,0
T2HUL6_FELCA,18.1,20.1,19.8,20.1,2,0,2,1,0,1
A0A291NH71_FELCA,28.2,25.3,26,28.2,0,2.9,0,0,1,0
A0A291NH36_FELCA,31.7,29.9,30.1,31.7,0,1.8,0,0,1,0
A0A291NH39_FELCA,20.8,20.5,19.5,20.8,0,0.3,0,0,0,0
A0A976N0B1_FELCA,24.6,19.3,19.7,24.6,0,5.3,0,0,1,0
M3X050_FELCA,23,19.7,19.8,23,0,3.3,0,0,1,0
A0A291NGR2_FELCA,26.7,21.2,22.2,26.7,0,5.5,0,0,1,0
A0A2I2V460_FELCA,23.4,20.6,21.1,23.4,0,2.8,0,0,1,0
A0A337SE59_FELCA,22.1,19.2,18.8,22.1,0,2.9,0,0,1,0
A0A291NGW6_FELCA,16.4,17.8,17.6,17.8,1.4,0,1.4,1,0,1
A0A291NGQ8_FELCA,32,26.9,27.2,32,0,5.1,0,0,1,0
A0A291NH16_FELCA,23,20.7,20.3,23,0,2.3,0,0,1,0
A0A291NHD0_FELCA,30.3,31.2,31.4,31.4,1.1,0.2,1.1,1,0,1
A0A291NH41_FELCA,19.4,16.4,17.1,19.4,0,3,0,0,1,0
M3X5X6_FELCA,25,22.5,22.4,25,0,2.5,0,0,1,0
A0A291NGT6_FELCA,25.1,24.1,23.9,25.1,0,1,0,0,1,0
A0A2I2UCP1_FELCA,24.1,14,14.6,24.1,0,10.1,0,0,1,0
A0A5F5Y223_FELCA,25.3,22.3,22,25.3,0,3,0,0,1,0
A0A2I2U526_FELCA,21.2,18.3,18.7,21.2,0,2.9,0,0,1,0
A0A5F5XCZ4_FELCA,24.4,26.7,26.6,26.7,2.3,0,2.3,1,0,1
A0A337SKT0_FELCA,20,18.8,19,20,0,1.2,0,0,1,0
A0A2I2UN09_FELCA,26.3,26.5,26.6,26.6,0.3,0.1,0.3,0,0,0
A0A5F5XS16_FELCA,21.8,17.1,16.1,21.8,0,4.7,0,0,1,0
A0A291NH33_FELCA,28.8,27.7,28.1,28.8,0,1.1,0,0,1,0
A0A5F5XWJ9_FELCA,19.6,18.3,18,19.6,0,1.3,0,0,1,0
A0A291NH74_FELCA,28.1,26.3,26.1,28.1,0,1.8,0,0,1,0
M3X7R1_FELCA,24.6,22.6,22.7,24.6,0,2,0,0,1,0
A0A337S7U4_FELCA,27.7,28.1,28.6,28.6,0.9,0.5,0.9,0,0,0
T2HUV9_FELCA,24.2,21.7,21.6,24.2,0,2.5,0,0,1,0
A0A337SA19_FELCA,19.3,20.2,19.3,20.2,0.9,0,0.9,0,0,0
A0A5F5XRP7_FELCA,20.3,16.6,16.6,20.3,0,3.7,0,0,1,0
A0A291NH73_FELCA,25.5,22.8,23,25.5,0,2.7,0,0,1,0
A0A5F5XZ87_FELCA,25,22,21.9,25,0,3,0,0,1,0
A0A2I2V5I2_FELCA,25.4,21.7,22,25.4,0,3.7,0,0,1,0
A0A2I2UC18_FELCA,21.6,18,18.3,21.6,0,3.6,0,0,1,0
A0A2I2ULR9_FELCA,23.5,20.8,20.8,23.5,0,2.7,0,0,1,0
A0A291NGT2_FELCA,25.1,24.3,24.1,25.1,0,0.8,0,0,0,0
A0A2I2U5M6_FELCA,16.4,17.7,18.2,18.2,1.8,0.5,1.8,1,0,1
A0A337SFW4_FELCA,19.1,15.2,14.6,19.1,0,3.9,0,0,1,0
A0A291NH67_FELCA,27.1,25.8,26.2,27.1,0,1.3,0,0,1,0
A0A337S672_FELCA,20.1,16.6,17.8,20.1,0,3.5,0,0,1,0
A0A5F5Y4V7_FELCA,22.7,22.1,22.3,22.7,0,0.6,0,0,0,0
A0A5F5XUA3_FELCA,19.3,20.8,21.3,21.3,2,0.5,2,1,0,1
A0A2I2UR81_FELCA,23.2,19.6,20.1,23.2,0,3.6,0,0,1,0
A0A2I2U1K0_FELCA,24.1,22.5,22.9,24.1,0,1.6,0,0,1,0
A0A291NHD9_FELCA,29.6,30.5,30.7,30.7,1.1,0.2,1.1,1,0,1
A0A291NH87_FELCA,26.6,24.6,24.8,26.6,0,2,0,0,1,0
A0A337SLR6_FELCA,24.3,15.8,16,24.3,0,8.5,0,0,1,0
M3XE23_FELCA,20.3,16.8,17.2,20.3,0,3.5,0,0,1,0
A0A291NH84_FELCA,19.2,17.2,17.6,19.2,0,2,0,0,1,0
A0A291NHB4_FELCA,24.5,22.8,23,24.5,0,1.7,0,0,1,0
A0A337S804_FELCA,24.5,22.1,22.5,24.5,0,2.4,0,0,1,0
A0A2I2U6W9_FELCA,22.1,18.4,17.7,22.1,0,3.7,0,0,1,0
A0A5F5XCM1_FELCA,25.5,22.3,22,25.5,0,3.2,0,0,1,0
A0A337S723_FELCA,22.9,18.6,18.7,22.9,0,4.3,0,0,1,0
A0A291NH77_FELCA,29.4,27,27.4,29.4,0,2.4,0,0,1,0
A0A5F5XIJ2_FELCA,18.3,20.1,19.8,20.1,1.8,0,1.8,1,0,1
A0A291NGY8_FELCA,22.5,22.2,22.3,22.5,0,0.3,0,0,0,0
M3WIA6_FELCA,21.4,21.7,21.6,21.7,0.3,0,0.3,0,0,0
A0A291NGZ4_FELCA,29.7,27.3,27.5,29.7,0,2.4,0,0,1,0
A0A5F5XKA4_FELCA,19.5,22.9,22.5,22.9,3.4,0,3.4,1,0,1
A0A291NHC4_FELCA,22.4,21.3,20.9,22.4,0,1.1,0,0,1,0
A0A291NHA5_FELCA,25.1,23.6,23.5,25.1,0,1.5,0,0,1,0
A0A291NHG6_FELCA,22.8,25.2,26,26,3.2,0.8,3.2,1,0,1
A0A291NGZ9_FELCA,24.8,23,23.7,24.8,0,1.8,0,0,1,0
A0A337RXE8_FELCA,23.5,22.6,23.2,23.5,0,0.9,0,0,0,0
A0A5F5XT84_FELCA,19,17.7,18.6,19,0,1.3,0,0,1,0
A0A291NHE9_FELCA,23,24.7,24.6,24.7,1.7,0,1.7,1,0,1
A0A291NHA8_FELCA,23.5,21.3,21.9,23.5,0,2.2,0,0,1,0
A0A291NGT3_FELCA,24.5,24.3,24.2,24.5,0,0.2,0,0,0,0
A0A291NH42_FELCA,20.4,18.8,19.7,20.4,0,1.6,0,0,1,0
A0A5F5XMZ4_FELCA,23.2,18,18.5,23.2,0,5.2,0,0,1,0
A0A337S4X8_FELCA,19.7,17.9,17.9,19.7,0,1.8,0,0,1,0
Q9J054_FELCA,17.1,19.8,19.6,19.8,2.7,0,2.7,1,0,1
A0A2I2UI16_FELCA,23.5,22.2,22.5,23.5,0,1.3,0,0,1,0
A0A5F5XM97_FELCA,22.8,27,27.2,27.2,4.4,0.2,4.4,1,0,1
A0A5F5Y205_FELCA,22.6,20.8,20.2,22.6,0,1.8,0,0,1,0
O97640_FELCA,19,24.1,16.7,24.1,5.1,0,5.1,1,0,1
A0A291NH85_FELCA,25.3,23.6,23,25.3,0,1.7,0,0,1,0
A0A5F5Y0U4_FELCA,21.4,16.3,15.3,21.4,0,5.1,0,0,1,0
A0A291NH29_FELCA,19.1,16.9,17,19.1,0,2.2,0,0,1,0
A0A5F5XZG6_FELCA,22.2,20.5,19.9,22.2,0,1.7,0,0,1,0
M1PYE6_FELCA,19.6,17.6,18.1,19.6,0,2,0,0,1,0
A0A337SA21_FELCA,17.1,13.2,13.3,17.1,0,3.9,0,0,1,0
A0A337S1X7_FELCA,23.5,22.6,22.7,23.5,0,0.9,0,0,0,0
A0A291NH90_FELCA,22.3,19.6,20,22.3,0,2.7,0,0,1,0
M3XG70_FELCA,19.2,16.6,16.7,19.2,0,2.6,0,0,1,0
A0A291NGT9_FELCA,21.2,20.2,20,21.2,0,1,0,0,1,0
A0A291NH93_FELCA,24.9,22.8,23,24.9,0,2.1,0,0,1,0
A0A291NGW2_FELCA,12.5,16.9,16.6,16.9,4.4,0,4.4,1,0,1
A9NJ73_FELCA,19.9,18.8,19,19.9,0,1.1,0,0,1,0
A0A291NH95_FELCA,22.1,22.2,21.4,22.2,0.1,0,0.1,0,0,0
A0A291NGX0_FELCA,15,15.3,14.9,15.3,0.3,0,0.3,0,0,0
A0A291NH81_FELCA,25.6,23.1,23.5,25.6,0,2.5,0,0,1,0
A0A337SDR6_FELCA,18.5,18.3,18.8,18.8,0.3,0.5,0.3,0,0,0
A0A291NHA0_FELCA,24.6,22.1,21.9,24.6,0,2.5,0,0,1,0
A0A5F5XCM6_FELCA,21.5,20.5,20.7,21.5,0,1,0,0,1,0
A0A291NH00_FELCA,20,19.7,19.9,20,0,0.3,0,0,0,0
A0A291NHA9_FELCA,22,20.2,20.3,22,0,1.8,0,0,1,0
A0A291NGZ6_FELCA,27.8,25.5,25.6,27.8,0,2.3,0,0,1,0
A0A291NH96_FELCA,20.5,20.9,18.9,20.9,0.4,0,0.4,0,0,0
A0A291NHC0_FELCA,20.4,21.4,21.5,21.5,1.1,0.1,1.1,1,0,1
A0A291NHA2_FELCA,27.5,25.2,25,27.5,0,2.3,0,0,1,0
A0A291NHB8_FELCA,21.5,24.6,24.6,24.6,3.1,0,3.1,1,0,1
A0A5F5Y006_FELCA,16,20.9,21.9,21.9,5.9,1,5.9,1,1,1
A0A291NGV1_FELCA,21,20.3,20.3,21,0,0.7,0,0,0,0
A0A291NGW5_FELCA,20,18.2,18.3,20,0,1.8,0,0,1,0
A0A291NH02_FELCA,19.9,21,21.4,21.4,1.5,0.4,1.5,1,0,1
A0A291NGY1_FELCA,24.8,24.3,24.1,24.8,0,0.5,0,0,0,0
A0A291NGU6_FELCA,24.2,23.7,23.1,24.2,0,0.5,0,0,0,0
A0A291NGU9_FELCA,19.9,19.5,19.4,19.9,0,0.4,0,0,0,0
A0A291NGW9_FELCA,22.7,21.9,22,22.7,0,0.8,0,0,0,0
A0A291NGT1_FELCA,29,28.6,28.9,29,0,0.4,0,0,0,0
A0A337SA37_FELCA,21.3,17.7,18,21.3,0,3.6,0,0,1,0
A0A4P2TLQ8_FELCA,22.3,11.4,10,22.3,0,10.9,0,0,1,0
A0A2I2UM04_FELCA,22.1,20.9,20.7,22.1,0,1.2,0,0,1,0
M3VU82_FELCA,19.2,19.5,21,21,1.8,1.5,1.8,1,1,1
M3XDV4_FELCA,22.9,21.6,21.9,22.9,0,1.3,0,0,1,0
A0A291NHA1_FELCA,24.4,22.1,22.4,24.4,0,2.3,0,0,1,0
A0A291NGU8_FELCA,23.8,23.3,22.7,23.8,0,0.5,0,0,0,0
A0A291NH80_FELCA,25.2,23.5,23.6,25.2,0,1.7,0,0,1,0
E3UTY8_FELCA,23.2,19.6,19.5,23.2,0,3.6,0,0,1,0
A0A291NH69_FELCA,21.8,18.8,17.8,21.8,0,3,0,0,1,0
M3VU84_FELCA,20.8,22.7,21.9,22.7,1.9,0,1.9,1,0,1
A0A291NH98_FELCA,22.9,21.6,22.1,22.9,0,1.3,0,0,1,0
A0A291NH32_FELCA,21.4,19.7,19.8,21.4,0,1.7,0,0,1,0
A0A291NH99_FELCA,22.9,22,22,22.9,0,0.9,0,0,0,0
A0A5F5XVX5_FELCA,19.7,19.1,19.5,19.7,0,0.6,0,0,0,0
M3XG22_FELCA,23.5,21.9,21.9,23.5,0,1.6,0,0,1,0
A0A291NH94_FELCA,21.2,15.9,17.5,21.2,0,5.3,0,0,1,0
A0A291NH23_FELCA,22.7,21,21.1,22.7,0,1.7,0,0,1,0
A0A2I2UNI7_FELCA,18.5,20.8,21.7,21.7,3.2,0.9,3.2,1,0,1
A0A291NGV6_FELCA,20,20.6,20.3,20.6,0.6,0,0.6,0,0,0
A0A291NGX3_FELCA,23.1,21.7,22,23.1,0,1.4,0,0,1,0
A0A5F5XYD4_FELCA,17.1,12.5,13,17.1,0,4.6,0,0,1,0
A0A291NGU3_FELCA,27.1,26.5,26.1,27.1,0,0.6,0,0,0,0
A0A291NGW1_FELCA,20,21.4,21.3,21.4,1.4,0,1.4,1,0,1
A0A291NGZ5_FELCA,19.1,18.7,18.8,19.1,0,0.4,0,0,0,0
A0A291NHB2_FELCA,21.5,18.8,19.9,21.5,0,2.7,0,0,1,0
A0A291NGU1_FELCA,19.8,19.5,19.3,19.8,0,0.3,0,0,0,0
A0A5F5XTV7_FELCA,19.4,15.8,18.1,19.4,0,3.6,0,0,1,0
A0A291NH88_FELCA,26.4,23.8,23.9,26.4,0,2.6,0,0,1,0
A0A291NGX9_FELCA,24.7,23.7,23.2,24.7,0,1,0,0,1,0
A0A5F5Y0A1_FELCA,20.4,16,17.5,20.4,0,4.4,0,0,1,0
A0A291NH89_FELCA,25.4,22.8,23.1,25.4,0,2.6,0,0,1,0
A0A291NH13_FELCA,24.7,24.2,24.1,24.7,0,0.5,0,0,0,0
A0A291NGZ0_FELCA,17.4,16.8,17,17.4,0,0.6,0,0,0,0
A0A291NGW0_FELCA,17,18.2,18.3,18.3,1.3,0.1,1.3,1,0,1
A0A2I2UYJ1_FELCA,18.2,12.8,12.2,18.2,0,5.4,0,0,1,0
A0A291NH06_FELCA,21.6,19.6,19.6,21.6,0,2,0,0,1,0
A0A337S8X8_FELCA,21.3,17.1,17.3,21.3,0,4.2,0,0,1,0
A0A291NGZ3_FELCA,19.4,17.1,16.6,19.4,0,2.3,0,0,1,0
A0A291NH97_FELCA,22.7,23.3,23.3,23.3,0.6,0,0.6,0,0,0
A0A291NGW7_FELCA,24.2,23.4,23.5,24.2,0,0.8,0,0,0,0
A0A337SEH4_FELCA,19.9,15.6,15.5,19.9,0,4.3,0,0,1,0
A0A2I2UTJ7_FELCA,18.8,17.9,16.7,18.8,0,0.9,0,0,0,0
A0A291NH59_FELCA,29.3,27,27.1,29.3,0,2.3,0,0,1,0
A0A5F5XIG1_FELCA,24.8,20.8,20.8,24.8,0,4,0,0,1,0
A0A291NGX1_FELCA,25,25.5,25.5,25.5,0.5,0,0.5,0,0,0
A0A2I2UC78_FELCA,17.1,16.4,16.6,17.1,0,0.7,0,0,0,0
A0A291NGS0_FELCA,19.2,19,19.7,19.7,0.5,0.7,0.5,0,0,0
A0A291NH78_FELCA,23.3,22.5,22.9,23.3,0,0.8,0,0,0,0
A0A291NHB1_FELCA,24.8,22.7,23.1,24.8,0,2.1,0,0,1,0
A0A337S574_FELCA,19,16.3,16.8,19,0,2.7,0,0,1,0
A0A291NGX5_FELCA,23.6,23.1,23.4,23.6,0,0.5,0,0,0,0
A0A5F5XP86_FELCA,20.3,19.7,20,20.3,0,0.6,0,0,0,0
A0A291NGT7_FELCA,22.1,23.6,23.9,23.9,1.8,0.3,1.8,1,0,1
A0A337SPY8_FELCA,22.3,15.3,14.8,22.3,0,7,0,0,1,0
A0A337SNS0_FELCA,19.3,17.6,17.8,19.3,0,1.7,0,0,1,0
A0A337SNT6_FELCA,18.8,16.4,16.5,18.8,0,2.4,0,0,1,0
A0A291NGZ7_FELCA,19.9,19.4,19.7,19.9,0,0.5,0,0,0,0
A0A2I2U998_FELCA,19.1,17.5,17.4,19.1,0,1.6,0,0,1,0
A0A291NHB5_FELCA,18.8,18,16.8,18.8,0,0.8,0,0,0,0
A0A291NGY4_FELCA,23.6,22.7,22.5,23.6,0,0.9,0,0,0,0
A0A291NH86_FELCA,19.9,18.9,19.2,19.9,0,1,0,0,1,0
A0A291NHA6_FELCA,18.6,19.3,19.2,19.3,0.7,0,0.7,0,0,0
A0A291NGT5_FELCA,25.1,23.6,23.5,25.1,0,1.5,0,0,1,0
A0A2I2U5I7_FELCA,21,17.1,17,21,0,3.9,0,0,1,0
A0A291NH27_FELCA,19,18.2,18.5,19,0,0.8,0,0,0,0
B5LX42_FELCA,18.8,19.1,18.6,19.1,0.3,0,0.3,0,0,0
A0A5F5Y6H2_FELCA,19,17.5,18.6,19,0,1.5,0,0,1,0
A0A291NH92_FELCA,22,22.2,22.4,22.4,0.4,0.2,0.4,0,0,0
A0A5F5XI16_FELCA,21.6,14.7,16.5,21.6,0,6.9,0,0,1,0
A0A2I2URM2_FELCA,19.4,14.8,15.2,19.4,0,4.6,0,0,1,0
A0A5F5XFA5_FELCA,19.3,18.9,18.7,19.3,0,0.4,0,0,0,0
A0A291NGS9_FELCA,23.3,18.2,18.4,23.3,0,5.1,0,0,1,0
A0A2I2UJ66_FELCA,16.4,14.9,15.2,16.4,0,1.5,0,0,1,0
A0A337SA71_FELCA,26.1,25.5,25.7,26.1,0,0.6,0,0,0,0
A0A2I2U8P7_FELCA,22.3,18.5,18.8,22.3,0,3.8,0,0,1,0
A0A291NHD4_FELCA,19.9,19.5,18.3,19.9,0,0.4,0,0,0,0
A0A5F5XIK4_FELCA,18.3,20.5,20.9,20.9,2.6,0.4,2.6,1,0,1
A0A291NH79_FELCA,22.4,20.7,21.1,22.4,0,1.7,0,0,1,0
A0A291NGT4_FELCA,19.9,18.9,18.9,19.9,0,1,0,0,1,0
