Entry,Urine,Plasma,Serum,Max,DeltaUrine,DeltaPlasma,DeltaSerum,FlagUrine,FlagPlasma,FlagSerum
A0A5F5XCT0,31.5,31.6,31.5,31.6,0.1,0,0.1,0,0,0
M3W0W4,20,19.9,20.2,20.2,0.2,0.3,0,0,0,0
M3W3E7,24.3,25.7,25.6,25.7,1.4,0,0.1,1,0,0
A0A5F5Y1U9,26.6,30.6,30.6,30.6,4,0,0,1,0,0
A0A5F5Y328,17.5,19.4,19.7,19.7,2.2,0.3,0,1,0,0
A0A337S3K5,22.3,26.7,26.8,26.8,4.5,0.1,0,1,0,0
M3WN23,19.1,11.6,11.3,19.1,0,7.5,7.8,0,1,1
A0A337S6A5,21.8,22.8,18.3,22.8,1,0,4.5,1,0,1
A0A337RXE3,25.8,20.8,21,25.8,0,5,4.8,0,1,1
A0A337SDS2,20.1,19.2,18.6,20.1,0,0.9,1.5,0,0,1
A0A337S133,17.8,18.8,18.2,18.8,1,0,0.6,1,0,0
A0A337S9Y6,19,10.2,11,19,0,8.8,8,0,1,1
M3W0B5,20.8,18.8,19.4,20.8,0,2,1.4,0,1,1
A0A5F5XDQ7,20.5,17.9,18.7,20.5,0,2.6,1.8,0,1,1
A0A5F5XYF2,17.1,14,14.5,17.1,0,3.1,2.6,0,1,1
M3VZ88,13.5,11,11.7,13.5,0,2.5,1.8,0,1,1
A0A5F5XZX3,18.7,16.3,16.1,18.7,0,2.4,2.6,0,1,1
A0A2I2UTZ7,26.6,25.6,25.8,26.6,0,1,0.8,0,1,0
Q56H28,30,23.6,23.7,30,0,6.4,6.3,0,1,1
A0A337S319,18.5,18.9,14.5,18.9,0.4,0,4.4,0,0,1
M3VWD8,21.4,23.7,22.1,23.7,2.3,0,1.6,1,0,1
A0A5F5XXE9,19.6,19.3,20.4,20.4,0.8,1.1,0,0,1,0
A0A337S8L4,19.6,16.8,17.7,19.6,0,2.8,1.9,0,1,1
A0A337S165,22.6,20.3,19.7,22.6,0,2.3,2.9,0,1,1
A0A337SAA6,19.6,17.3,18.1,19.6,0,2.3,1.5,0,1,1
A0A2I2UHD0,14.8,17.4,15.4,17.4,2.6,0,2,1,0,1
A0A5F5XWN0,22.6,18.5,18.4,22.6,0,4.1,4.2,0,1,1
A0A5F5XDM4,26.5,23.6,23.6,26.5,0,2.9,2.9,0,1,1
M3W6I2,22.5,19.9,19.9,22.5,0,2.6,2.6,0,1,1
A0A337SCW1,26.3,23.2,23.2,26.3,0,3.1,3.1,0,1,1
A0A2I2U3E4,22.9,21.3,21.3,22.9,0,1.6,1.6,0,1,1
M3W8V8,19.8,14.8,14.3,19.8,0,5,5.5,0,1,1
A0A337RUC4,24.6,17.8,17,24.6,0,6.8,7.6,0,1,1
M3VUE2,20.6,17,18.4,20.6,0,3.6,2.2,0,1,1
A0A337RV46,23.7,21.8,21.9,23.7,0,1.9,1.8,0,1,1
A0A337SC15,21.5,18.3,18.6,21.5,0,3.2,2.9,0,1,1
A0A2I2UWI1,21.8,20.5,20.5,21.8,0,1.3,1.3,0,1,1
A0A2I2V2H3,14.3,11.5,11,14.3,0,2.8,3.3,0,1,1
A0A337S9H1,18.6,14.2,13.9,18.6,0,4.4,4.7,0,1,1
M3X5J0,18.6,19.1,18.1,19.1,0.5,0,1,0,0,0
A0A5F5XCM7,22.2,13.8,14,22.2,0,8.4,8.2,0,1,1
M3WNU5,19.8,17.7,17.7,19.8,0,2.1,2.1,0,1,1
M3VVC4,21.3,20.5,20.1,21.3,0,0.8,1.2,0,0,1
A0A337SUP1,23,12.1,12.3,23,0,10.9,10.7,0,1,1
A0A5F5XF14,21.2,14.4,14,21.2,0,6.8,7.2,0,1,1
A0A2I2UTI9,19.7,20,19.7,20,0.3,0,0.3,0,0,0
A0A2I2UM02,23.8,19.8,19.9,23.8,0,4,3.9,0,1,1
A0A5F5XG72,22.6,20.3,20.7,22.6,0,2.3,1.9,0,1,1
A0A2I2U088,18.8,17.5,17.8,18.8,0,1.3,1,0,1,0
A0A2I2UB34,25.1,19.7,19.8,25.1,0,5.4,5.3,0,1,1
A0A2I2U0D3,21.7,20.4,20.7,21.7,0,1.3,1,0,1,0
A0A2I2U5R8,22.9,16.7,16.5,22.9,0,6.2,6.4,0,1,1
A0A337SL34,19.9,15.8,15.8,19.9,0,4.1,4.1,0,1,1
A0A3B0IPC1,19.9,24.2,24.3,24.3,4.4,0.1,0,1,0,0
A0A3B0J2D0,20.6,24.3,24.3,24.3,3.7,0,0,1,0,0
A0A337SQU4,18.8,19.4,19.9,19.9,1.1,0.5,0,1,0,0
A0A2I2U1Z3,26.2,28.8,28.7,28.8,2.6,0,0.1,1,0,0
M3XC81,19.7,18.9,19.6,19.7,0,0.8,0.1,0,0,0
M3X557,20.2,21.6,21.7,21.7,1.5,0.1,0,1,0,0
A0A5F5XS55,23.5,19.3,19,23.5,0,4.2,4.5,0,1,1
M3X0F1,19.6,16,16.1,19.6,0,3.6,3.5,0,1,1
Q6KCA0,26.1,27.3,27,27.3,1.2,0,0.3,1,0,0
A0A5F5XI81,21.7,20,18.9,21.7,0,1.7,2.8,0,1,1
A0A2I2UUP6,31.8,28.1,28,31.8,0,3.7,3.8,0,1,1
A0A2I2U551,19.7,17,17.7,19.7,0,2.7,2,0,1,1
A0A337SD37,28.3,30.8,30.8,30.8,2.5,0,0,1,0,0
A0A5F5XVZ8,20.5,16.4,15.2,20.5,0,4.1,5.3,0,1,1
A0A5F5XHI8,23.1,20.8,20.2,23.1,0,2.3,2.9,0,1,1
A0A5F5XWS8,22.7,19.7,19.8,22.7,0,3,2.9,0,1,1
A0A5F5XQC7,15.5,11.4,10.3,15.5,0,4.1,5.2,0,1,1
M3WA76,21,19.5,20.1,21,0,1.5,0.9,0,1,0
P49064,35.1,36.6,36.6,36.6,1.5,0,0,1,0,0
A0A2I2U7Y0,29.8,31.5,31.4,31.5,1.7,0,0.1,1,0,0
A0A2I2UX74,24.1,22.7,21.7,24.1,0,1.4,2.4,0,1,1
M3WAV4,24.7,23.9,24.4,24.7,0,0.8,0.3,0,0,0
A0A337RUT4,20.2,11.3,12.9,20.2,0,8.9,7.3,0,1,1
A0A337STY8,18.1,14.9,14.1,18.1,0,3.2,4,0,1,1
A0A337RWN1,12.7,11.3,13,13,0.3,1.7,0,0,1,0
A0A337S2J9,21.7,19.5,19.4,21.7,0,2.2,2.3,0,1,1
A0A337SF20,17.3,19.7,17,19.7,2.4,0,2.7,1,0,1
M3W1Z4,21.9,20.1,19.7,21.9,0,1.8,2.2,0,1,1
A0A337S416,24.7,23.5,23.6,24.7,0,1.2,1.1,0,1,1
A0A5F5XME0,24.8,22,21.1,24.8,0,2.8,3.7,0,1,1
A0A337SRA7,20.3,15.3,15.2,20.3,0,5,5.1,0,1,1
Q29486,25.7,22,22,25.7,0,3.7,3.7,0,1,1
A0A337SNZ0,23.1,22.1,22,23.1,0,1,1.1,0,1,1
A0A337SBE3,24.6,22.6,22.4,24.6,0,2,2.2,0,1,1
A0A5F5Y013,26.3,25.6,25.6,26.3,0,0.7,0.7,0,0,0
M3X5H0,20.2,17.7,17.5,20.2,0,2.5,2.7,0,1,1
A0A337SEZ4,23.5,22.3,22.2,23.5,0,1.2,1.3,0,1,1
M3X749,23.6,19.6,19.7,23.6,0,4,3.9,0,1,1
A0A5F5XNX6,22.8,21.1,21.5,22.8,0,1.7,1.3,0,1,1
M3WA23,26.8,23.2,23.3,26.8,0,3.6,3.5,0,1,1
M3WET8,27.1,20,20,27.1,0,7.1,7.1,0,1,1
A0A5F5Y1K1,23.7,18,18.3,23.7,0,5.7,5.4,0,1,1
A0A337SS27,21.1,18.4,17.9,21.1,0,2.7,3.2,0,1,1
P79171,26.6,23.4,23.4,26.6,0,3.2,3.2,0,1,1
A0A337SIV7,25.4,20,20.2,25.4,0,5.4,5.2,0,1,1
A0A337SPR7,18,19,19,19,1,0,0,1,0,0
A0A5F5XLK1,20.3,18.2,19.2,20.3,0,2.1,1.1,0,1,1
M3W3I3,19.5,14.7,14.6,19.5,0,4.8,4.9,0,1,1
A0A5F5XPA1,26,21.9,22,26,0,4.1,4,0,1,1
M3XFZ3,20,11.6,11,20,0,8.4,9,0,1,1
A0A337SIG2,22.6,20.5,20.6,22.6,0,2.1,2,0,1,1
A0A337SCD2,24.5,20.8,21.1,24.5,0,3.7,3.4,0,1,1
A0A337S137,24.9,22,22.3,24.9,0,2.9,2.6,0,1,1
A0A337S5C0,22.9,21.5,21.4,22.9,0,1.4,1.5,0,1,1
A0A5F5Y7J8,17.6,14.8,15.2,17.6,0,2.8,2.4,0,1,1
A0A337SBJ0,21.4,18.4,17,21.4,0,3,4.4,0,1,1
A0A337SF88,23.2,20.1,20.7,23.2,0,3.1,2.5,0,1,1
A0A5F5XRH7,23.1,21.3,21.3,23.1,0,1.8,1.8,0,1,1
A0A2I2UN04,23.2,22.1,22.2,23.2,0,1.1,1,0,1,0
A0A2I2U0U5,14.9,15.2,15.7,15.7,0.8,0.5,0,0,0,0
A0A337SWK3,23.6,22,21.9,23.6,0,1.6,1.7,0,1,1
A0A2I2U7C2,18.7,15.3,12.7,18.7,0,3.4,6,0,1,1
A0A337SCH1,27.7,32.3,32.3,32.3,4.6,0,0,1,0,0
A0A5F5XCW1,26.5,31.1,31.1,31.1,4.6,0,0,1,0,0
M3W2J4,25.3,29.2,29,29.2,3.9,0,0.2,1,0,0
A0A5F5XQY3,21.8,18.4,18.9,21.8,0,3.4,2.9,0,1,1
A0A2I2UM58,24,21.5,21.8,24,0,2.5,2.2,0,1,1
A0A337S837,27.4,33.1,33.4,33.4,6,0.3,0,1,0,0
M3WPG6,23.7,30.1,30.4,30.4,6.7,0.3,0,1,0,0
M3W955,25.1,28.7,29.1,29.1,4,0.4,0,1,0,0
A0A337SHX7,26.6,26.2,26.2,26.6,0,0.4,0.4,0,0,0
P0DM82,21.8,24.7,24.8,24.8,3,0.1,0,1,0,0
M3WNX1,21.7,26.5,26.4,26.5,4.8,0,0.1,1,0,0
M3WSC8,23.6,30,30,30,6.4,0,0,1,0,0
M3W2V3,13.5,23.6,23.6,23.6,10.1,0,0,1,0,0
M3X8P7,23.8,27,27.2,27.2,3.4,0.2,0,1,0,0
A0A5F5XHD8,27.2,30.5,30.5,30.5,3.3,0,0,1,0,0
A0A5F5XPI7,27.3,26.5,26.7,27.3,0,0.8,0.6,0,0,0
A0A2I2U3L7,22.8,27,27.2,27.2,4.4,0.2,0,1,0,0
M3W828,20.1,24.5,24.8,24.8,4.7,0.3,0,1,0,0
A0A0A0MPX8,24.8,20.5,21,24.8,0,4.3,3.8,0,1,1
A0A2I2UMH4,19.8,20.5,20.4,20.5,0.7,0,0.1,0,0,0
A0A2I2UAM6,22.8,18,17.7,22.8,0,4.8,5.1,0,1,1
A0A2I2U5A2,23.3,20.6,20.1,23.3,0,2.7,3.2,0,1,1
M3VUM2,20.7,16.9,17.9,20.7,0,3.8,2.8,0,1,1
A0A2I2U8Y1,21.3,18.9,18.7,21.3,0,2.4,2.6,0,1,1
M3VXU3,17.1,15.3,15.4,17.1,0,1.8,1.7,0,1,1
A0A2I2UBL3,21.8,18.7,19.1,21.8,0,3.1,2.7,0,1,1
A0A2I2UL98,14,15,13.8,15,1,0,1.2,1,0,1
M3WSL5,18.6,16.7,17,18.6,0,1.9,1.6,0,1,1
M3WMY0,17.9,17.2,17,17.9,0,0.7,0.9,0,0,0
M3XEH2,22.5,19.5,19.3,22.5,0,3,3.2,0,1,1
A0A5F5Y690,20.9,19.3,18.9,20.9,0,1.6,2,0,1,1
M3WDK2,23.8,19.7,19.9,23.8,0,4.1,3.9,0,1,1
A0A5F5XKR0,19,20.2,18.5,20.2,1.2,0,1.7,1,0,1
M3XAU5,22.7,19.8,19.6,22.7,0,2.9,3.1,0,1,1
A0A2I2UC45,22.3,21.1,21.2,22.3,0,1.2,1.1,0,1,1
M3XDK8,24,19.7,19.4,24,0,4.3,4.6,0,1,1
A0A2I2V0N3,29,21,21.3,29,0,8,7.7,0,1,1
A0A5F5XFU3,16.8,21.8,21.8,21.8,5,0,0,1,0,0
A0A337SSG0,19,16.3,16.2,19,0,2.7,2.8,0,1,1
A0A337SX21,19.9,12.2,13.1,19.9,0,7.7,6.8,0,1,1
A0A337SAN3,20,13.6,15,20,0,6.4,5,0,1,1
A0A2I2U788,20.6,21.6,21.9,21.9,1.3,0.3,0,1,0,0
M3WLS9,21.6,20.8,20.6,21.6,0,0.8,1,0,0,0
M3WWN6,20.6,17.6,17,20.6,0,3,3.6,0,1,1
M3W3H5,20.7,18.4,19.2,20.7,0,2.3,1.5,0,1,1
M3W551,27.1,19.9,20.2,27.1,0,7.2,6.9,0,1,1
A0A2I2UGY1,24.5,20.6,20.8,24.5,0,3.9,3.7,0,1,1
M3WB86,24.3,25,24.7,25,0.7,0,0.3,0,0,0
M3WZB0,19.4,20.3,19.5,20.3,0.9,0,0.8,0,0,0
M3WF16,22.1,14.8,13.5,22.1,0,7.3,8.6,0,1,1
A0A337SFQ2,23.2,23.1,22.8,23.2,0,0.1,0.4,0,0,0
A0A2I2UMK7,18.5,16.7,17.7,18.5,0,1.8,0.8,0,1,0
A0A5F5XUE7,18,14.5,14.6,18,0,3.5,3.4,0,1,1
A0A337SG88,20,19.8,19.1,20,0,0.2,0.9,0,0,0
A0A2I2U1C8,23,21.4,21.4,23,0,1.6,1.6,0,1,1
A0A2I2V4V3,23,21.7,22.1,23,0,1.3,0.9,0,1,0
A0A337SKQ1,19.7,18.3,18.9,19.7,0,1.4,0.8,0,1,0
A0A337SK67,20.2,17.3,16.8,20.2,0,2.9,3.4,0,1,1
A0A2I2V0F1,19.4,12.6,13.1,19.4,0,6.8,6.3,0,1,1
A0A337SHV5,17.5,15.9,17.5,17.5,0,1.6,0,0,1,0
A0A337SFT2,27.1,26.6,26.9,27.1,0,0.5,0.2,0,0,0
A0A2I2U5X4,19.6,13.1,13.2,19.6,0,6.5,6.4,0,1,1
A0A2I2UTQ4,25.9,20.9,20.5,25.9,0,5,5.4,0,1,1
Q5MGS7,26.3,21.5,21.5,26.3,0,4.8,4.8,0,1,1
M3WAQ7,24.5,22.4,22.6,24.5,0,2.1,1.9,0,1,1
A0A2I2UH51,22.7,20.5,21,22.7,0,2.2,1.7,0,1,1
A0A5F5XM71,21.3,18.2,18.3,21.3,0,3.1,3,0,1,1
M3WQ57,25.7,23.8,24.3,25.7,0,1.9,1.4,0,1,1
A0A2I2V0L4,21,19.9,19.9,21,0,1.1,1.1,0,1,1
A0A5F5XSY0,20.3,22.5,22.7,22.7,2.4,0.2,0,1,0,0
A0A337S942,23.1,21.4,17.1,23.1,0,1.7,6,0,1,1
A0A337STZ5,19.7,21,20.4,21,1.3,0,0.6,1,0,0
M3W2U8,26.9,21.7,22,26.9,0,5.2,4.9,0,1,1
A0A2I2UQE2,17.3,18.9,19.2,19.2,1.9,0.3,0,1,0,0
A0A2I2U2A7,12.1,14.7,14.8,14.8,2.7,0.1,0,1,0,0
A0A5F5XI01,20.8,19,19.6,20.8,0,1.8,1.2,0,1,1
A0A5F5XF81,19.1,13.9,14.6,19.1,0,5.2,4.5,0,1,1
A0A2I2UZ39,20.3,18.2,18.1,20.3,0,2.1,2.2,0,1,1
A0A337SQ46,24.1,20.5,22,24.1,0,3.6,2.1,0,1,1
M3VVW0,20.1,20,21.2,21.2,1.1,1.2,0,1,1,0
M3XCQ9,16.3,13.9,16.1,16.3,0,2.4,0.2,0,1,0
A0A2I2U0V3,21.5,18.1,18.1,21.5,0,3.4,3.4,0,1,1
M3VUA4,16,20.6,21.3,21.3,5.3,0.7,0,1,0,0
M3WM50,21.7,22.6,21,22.6,0.9,0,1.6,0,0,1
A0A2I2UYJ3,14.9,16.1,15.6,16.1,1.2,0,0.5,1,0,0
A0A5F5XJH2,22.1,21.3,20.3,22.1,0,0.8,1.8,0,0,1
A0A5F5XRG8,21.8,18.4,18.6,21.8,0,3.4,3.2,0,1,1
A0A337S935,14.1,18.9,17.3,18.9,4.8,0,1.6,1,0,1
A0A5F5XCB9,24.8,20.6,20.8,24.8,0,4.2,4,0,1,1
A0A2I2UA49,24.1,20.1,20.1,24.1,0,4,4,0,1,1
A0A2I2U769,20.7,21.9,22.3,22.3,1.6,0.4,0,1,0,0
A0A2I2U4L9,24.8,24.4,24.3,24.8,0,0.4,0.5,0,0,0
A0A337SAQ9,20.7,18.2,18.3,20.7,0,2.5,2.4,0,1,1
A0A2I2V139,17.5,20.1,18.1,20.1,2.6,0,2,1,0,1
M3WS63,23.7,23.9,23.9,23.9,0.2,0,0,0,0,0
A0A337SJG7,18.9,24.3,24.4,24.4,5.5,0.1,0,1,0,0
A0A5F5XD66,18.5,12.8,13.7,18.5,0,5.7,4.8,0,1,1
A0A337SDE6,24.1,24.5,25.5,25.5,1.4,1,0,1,1,0
A0A337S217,19.2,24.1,25.1,25.1,5.9,1,0,1,1,0
A0A5F5XHF5,22.2,25.8,26.4,26.4,4.2,0.6,0,1,0,0
A0A2I2V4P2,25.6,25.4,25.5,25.6,0,0.2,0.1,0,0,0
A0A5F5Y0X6,23.9,25.4,25.4,25.4,1.5,0,0,1,0,0
A0A5F5Y5F1,19.6,21.5,20.3,21.5,1.9,0,1.2,1,0,1
M3WJK3,21.8,24,23.8,24,2.2,0,0.2,1,0,0
A0A5F5Y442,23.1,25.5,25.4,25.5,2.4,0,0.1,1,0,0
M3WJK2,20.6,21,20.9,21,0.4,0,0.1,0,0,0
M3VV58,24.3,26.2,26.2,26.2,1.9,0,0,1,0,0
M3WLH3,23,23.2,23.2,23.2,0.2,0,0,0,0,0
A0A5F5XTG9,26.4,27,27.5,27.5,1.1,0.5,0,1,0,0
A0A5F5XPJ5,24.5,25,25.4,25.4,0.9,0.4,0,0,0,0
M3W158,15.8,16.7,17.5,17.5,1.7,0.8,0,1,0,0
A0A2I2U5W5,22.9,25.9,26.2,26.2,3.3,0.3,0,1,0,0
M3VUN7,21.8,24.7,25.2,25.2,3.4,0.5,0,1,0,0
M3WI95,24.1,27.2,27.4,27.4,3.3,0.2,0,1,0,0
A0A2I2U5V0,23.9,20.7,21,23.9,0,3.2,2.9,0,1,1
A0A5F5XSK3,21.2,26.2,26.4,26.4,5.2,0.2,0,1,0,0
A0A5F5Y3X9,21.4,20.3,20.1,21.4,0,1.1,1.3,0,1,1
M3WTZ2,21.4,20.8,21.8,21.8,0.4,1,0,0,1,0
A0A5F5XMJ0,25.8,24.3,25.3,25.8,0,1.5,0.5,0,1,0
M3WS40,25,20,20.3,25,0,5,4.7,0,1,1
M3WAR8,24.4,19.5,19.4,24.4,0,4.9,5,0,1,1
A0A2I2U448,20.3,18.4,18.7,20.3,0,1.9,1.6,0,1,1
M3WKE5,19.3,16.2,16.7,19.3,0,3.1,2.6,0,1,1
A0A2I2U2E0,24.8,27.2,26.2,27.2,2.4,0,1,1,0,0
A0A2I2UR43,23.6,18.3,18.2,23.6,0,5.3,5.4,0,1,1
A0A2I2UUH5,20.9,22.5,22.2,22.5,1.6,0,0.3,1,0,0
M3WMA2,24.2,20.1,20.6,24.2,0,4.1,3.6,0,1,1
A0A2I2ULF8,26.8,19.1,19.4,26.8,0,7.7,7.4,0,1,1
A0A337RZZ8,19.4,18,18.2,19.4,0,1.4,1.2,0,1,1
A0A337SVD2,21.6,19.2,19.8,21.6,0,2.4,1.8,0,1,1
A0A337SJA7,20,17.8,17.9,20,0,2.2,2.1,0,1,1
M3VUU7,23.8,24.6,24,24.6,0.8,0,0.6,0,0,0
A0A2I2U8F6,22.8,22.3,23.1,23.1,0.3,0.8,0,0,0,0
A0A2I2U457,21.3,18.8,19.7,21.3,0,2.5,1.6,0,1,1
A0A2I2UC97,19.1,19.3,19,19.3,0.2,0,0.3,0,0,0
F1C962,30.1,25.6,25.7,30.1,0,4.5,4.4,0,1,1
A0A2I2U679,28.8,21.5,21.7,28.8,0,7.3,7.1,0,1,1
A0A2I2U787,19.5,12.9,11.6,19.5,0,6.6,7.9,0,1,1
M3XEV5,23.1,23.8,22.1,23.8,0.7,0,1.7,0,0,1
M3WK60,15.5,18.6,17,18.6,3.1,0,1.6,1,0,1
A0M8S9,19.7,11.7,12.2,19.7,0,8,7.5,0,1,1
A0A337S7D7,19.3,16.1,16.6,19.3,0,3.2,2.7,0,1,1
A0A5F5XBX1,10.9,20,19.9,20,9.1,0,0.1,1,0,0
M3X6G1,19.7,15.5,15.6,19.7,0,4.2,4.1,0,1,1
A0A337S4Q8,22.6,16.6,16.9,22.6,0,6,5.7,0,1,1
M3W7W5,20.2,20.3,19.8,20.3,0.1,0,0.5,0,0,0
A0A337S4U7,18.4,15.5,16.6,18.4,0,2.9,1.8,0,1,1
A0A337SFW3,18.2,17.4,17.5,18.2,0,0.8,0.7,0,0,0
A0A2I2U794,17,14.4,14.6,17,0,2.6,2.4,0,1,1
A0A2I2U1I0,20.3,20.6,20.5,20.6,0.3,0,0.1,0,0,0
M3WGB1,16.3,16.6,17.8,17.8,1.5,1.2,0,1,1,0
M3WCI9,19.7,22.6,22.1,22.6,2.9,0,0.5,1,0,0
M3WX79,21.4,19,19.2,21.4,0,2.4,2.2,0,1,1
A0A337S566,24.7,19.9,20.8,24.7,0,4.8,3.9,0,1,1
A0A2I2UV24,27.5,18.5,19.2,27.5,0,9,8.3,0,1,1
A0A337SGQ6,22.1,17.7,17.2,22.1,0,4.4,4.9,0,1,1
A0A337S736,15.1,13.8,13.4,15.1,0,1.3,1.7,0,1,1
A0A337SB54,26.9,17.9,18.6,26.9,0,9,8.3,0,1,1
M3VWC6,24,24.3,24.2,24.3,0.3,0,0.1,0,0,0
M3VZG5,22.2,22.6,22.8,22.8,0.6,0.2,0,0,0,0
A0A2I2UYP6,20.9,18.6,19.5,20.9,0,2.3,1.4,0,1,1
A0A337SMM1,18.2,16.3,16.2,18.2,0,1.9,2,0,1,1
A0A2I2U7D8,23.4,21.9,22,23.4,0,1.5,1.4,0,1,1
M3W8D8,21.3,16.5,16.1,21.3,0,4.8,5.2,0,1,1
A0A5F5XNG4,27.1,20.2,20.6,27.1,0,6.9,6.5,0,1,1
A0A5F5Y5L0,22.2,13.9,14.7,22.2,0,8.3,7.5,0,1,1
A0A2I2UYF4,22,17.4,17.9,22,0,4.6,4.1,0,1,1
M3XCH2,17,14.3,15.9,17,0,2.7,1.1,0,1,1
A0A337S6R6,25.9,18.4,18.7,25.9,0,7.5,7.2,0,1,1
A0A5F5Y2H9,21.7,16.9,16.4,21.7,0,4.8,5.3,0,1,1
A0A337S4N5,19.2,16.3,17.1,19.2,0,2.9,2.1,0,1,1
A0A2I2UH63,28,20.9,20.9,28,0,7.1,7.1,0,1,1
A0A337SX28,17.8,16.6,16.4,17.8,0,1.2,1.4,0,1,1
A0A5F5XDA0,18.9,14,12.7,18.9,0,4.9,6.2,0,1,1
A0A5F5XQT8,32.4,20.7,20.8,32.4,0,11.7,11.6,0,1,1
A0A1E1GEV5,18.6,22.2,21.4,22.2,3.6,0,0.8,1,0,0
A0A1E1GEW8,17.8,16.9,15.9,17.8,0,0.9,1.9,0,0,1
Q76B49,20.9,22.8,23.8,23.8,2.9,1,0,1,1,0
A0A2I2UTM6,20.1,15.6,15.1,20.1,0,4.5,5,0,1,1
A0A5F5XTX9,23,20.4,21.1,23,0,2.6,1.9,0,1,1
A0A337S8U6,19,10.1,10.2,19,0,8.9,8.8,0,1,1
A0A337SBU9,20.4,17.8,17.1,20.4,0,2.6,3.3,0,1,1
A0A337S2I4,23.8,18.8,19,23.8,0,5,4.8,0,1,1
P40239,20.9,18.6,19.2,20.9,0,2.3,1.7,0,1,1
A0A5F5XPS6,21.6,21.5,21.6,21.6,0,0.1,0,0,0,0
A0A337S9J3,22.7,18.3,17.5,22.7,0,4.4,5.2,0,1,1
A0A337SRW5,21.7,23.2,22.9,23.2,1.5,0,0.3,1,0,0
A0A5F5XFC6,21.7,21.1,21.3,21.7,0,0.6,0.4,0,0,0
A0A337SG59,24.4,19.2,19.6,24.4,0,5.2,4.8,0,1,1
A0A337S5G0,29.8,23.3,23,29.8,0,6.5,6.8,0,1,1
M3W046,26.2,21.4,20.8,26.2,0,4.8,5.4,0,1,1
A0A337SUI1,26.2,20.9,21.3,26.2,0,5.3,4.9,0,1,1
A0A337ST48,27.5,20.8,23.1,27.5,0,6.7,4.4,0,1,1
A0A5F5XXK1,22.3,19.9,19.7,22.3,0,2.4,2.6,0,1,1
A0A337S9Q3,24.6,22.3,21,24.6,0,2.3,3.6,0,1,1
A0A5F5Y2W6,21.1,18.3,17.9,21.1,0,2.8,3.2,0,1,1
A0A337SSN3,23.8,20.6,20.2,23.8,0,3.2,3.6,0,1,1
A0A2I2U9W3,25.9,25,24.8,25.9,0,0.9,1.1,0,0,1
A0A337SEZ0,21.6,15.9,15.6,21.6,0,5.7,6,0,1,1
A0A2I2UB75,20.5,15.9,16.2,20.5,0,4.6,4.3,0,1,1
A0A337SGU2,19.1,16.8,17.1,19.1,0,2.3,2,0,1,1
M3WM81,16,16.5,15.9,16.5,0.5,0,0.6,0,0,0
A0A337SJ76,21.5,20.5,20.8,21.5,0,1,0.7,0,1,0
A0A337S9H7,22.7,20.8,21.5,22.7,0,1.9,1.2,0,1,1
M3VUL6,17.6,19.3,19.2,19.3,1.7,0,0.1,1,0,0
A0A2I2USA1,21.9,18.7,18.8,21.9,0,3.2,3.1,0,1,1
M3VX11,22.5,20.3,19.9,22.5,0,2.2,2.6,0,1,1
M3VZN4,22.8,21.2,21.5,22.8,0,1.6,1.3,0,1,1
A0A5F5XIV3,25.3,22.1,22.8,25.3,0,3.2,2.5,0,1,1
A0A5F5Y466,23.9,16.4,17.4,23.9,0,7.5,6.5,0,1,1
A0A2I2V2G8,17.5,18.7,17.1,18.7,1.2,0,1.6,1,0,1
M3X143,23,11.4,11.2,23,0,11.6,11.8,0,1,1
A0A5F5Y101,28.3,18.6,19,28.3,0,9.7,9.3,0,1,1
M3WSX6,15.3,15.7,15.5,15.7,0.4,0,0.2,0,0,0
A0A337S2C9,21.9,15.7,14.8,21.9,0,6.2,7.1,0,1,1
A0A337RVE0,20.8,18.4,18.6,20.8,0,2.4,2.2,0,1,1
M3VUF8,22.5,14.8,16,22.5,0,7.7,6.5,0,1,1
M3X096,22.6,23.7,23.9,23.9,1.3,0.2,0,1,0,0
Q5R1M5,23.9,19.2,19.2,23.9,0,4.7,4.7,0,1,1
M3X2X6,21.2,21.4,21.3,21.4,0.2,0,0.1,0,0,0
M3W105,27.4,25.9,25.8,27.4,0,1.5,1.6,0,1,1
A0A337SQR3,16,14.6,14.7,16,0,1.4,1.3,0,1,1
A0A2I2UFP6,31,22.5,24.6,31,0,8.5,6.4,0,1,1
M3WKH4,20.9,19.5,18.7,20.9,0,1.4,2.2,0,1,1
Q8I034,34.4,22.4,23.1,34.4,0,12,11.3,0,1,1
M3W2B8,28,29.8,30,30,2,0.2,0,1,0,0
A0A337SQJ3,23.1,23.2,23.1,23.2,0.1,0,0.1,0,0,0
M3XG35,21,21.2,21.3,21.3,0.3,0.1,0,0,0,0
A0A2I2U350,24.5,27.5,27.6,27.6,3.1,0.1,0,1,0,0
M3WIJ6,22.7,20.6,20.5,22.7,0,2.1,2.2,0,1,1
A0A337SEF0,22.8,18.6,19,22.8,0,4.2,3.8,0,1,1
M3W950,19.5,23.8,23.6,23.8,4.3,0,0.2,1,0,0
Q52R91,18.1,10.8,10.7,18.1,0,7.3,7.4,0,1,1
A0A5F5XGZ4,25.8,26.9,27.2,27.2,1.4,0.3,0,1,0,0
A0A337SFJ9,19.5,12.7,11.9,19.5,0,6.8,7.6,0,1,1
A0A5F5XCZ2,21,11,10.7,21,0,10,10.3,0,1,1
A0A2I2UDB3,19.5,17.6,17.7,19.5,0,1.9,1.8,0,1,1
A0A337SU79,17.8,18.6,18.7,18.7,0.9,0.1,0,0,0,0
M3W0W8,22.8,17.8,18,22.8,0,5,4.8,0,1,1
A0A337S8C4,19.6,14,15.8,19.6,0,5.6,3.8,0,1,1
A0A5F5Y7M8,18.9,19.5,18.9,19.5,0.6,0,0.6,0,0,0
M3WXJ4,22.7,20.5,20.8,22.7,0,2.2,1.9,0,1,1
M3X6F1,20.2,13.5,12.6,20.2,0,6.7,7.6,0,1,1
A0A337SL92,22,18.9,18.8,22,0,3.1,3.2,0,1,1
A0A337SGE0,23.6,19,19.9,23.6,0,4.6,3.7,0,1,1
M3WI48,19.2,17.1,16.9,19.2,0,2.1,2.3,0,1,1
M3WF53,21.9,19.3,19.7,21.9,0,2.6,2.2,0,1,1
M3WKI3,26.7,22.7,22.4,26.7,0,4,4.3,0,1,1
A0A2I2UED7,15.2,15.5,14.2,15.5,0.3,0,1.3,0,0,1
A0A2I2U6F0,22.7,22.2,22.1,22.7,0,0.5,0.6,0,0,0
M3VWY2,21,19.1,18.7,21,0,1.9,2.3,0,1,1
A0A2I2UE55,22,22.7,23,23,1,0.3,0,1,0,0
A0A337SW69,19.8,15,14.9,19.8,0,4.8,4.9,0,1,1
M3WNY6,21.9,20.5,20.6,21.9,0,1.4,1.3,0,1,1
A0A337SD38,23.7,21.1,21.1,23.7,0,2.6,2.6,0,1,1
A0A2I2UVX8,19.1,16.2,16.1,19.1,0,2.9,3,0,1,1
M3VW19,20.6,18.1,17.1,20.6,0,2.5,3.5,0,1,1
A0A2I2U499,17.7,20.4,22.3,22.3,4.6,1.9,0,1,1,0
A0A2I2UWU9,23.3,19.2,18.8,23.3,0,4.1,4.5,0,1,1
M3W2V0,24.1,25.7,25.9,25.9,1.8,0.2,0,1,0,0
A0A337S9Y3,24.1,24.3,24.8,24.8,0.7,0.5,0,0,0,0
M3VU87,21.3,20.7,20.3,21.3,0,0.6,1,0,0,0
M3WKP2,23.3,23.9,23.9,23.9,0.6,0,0,0,0,0
A0A5F5XGP3,29,29.4,29.3,29.4,0.4,0,0.1,0,0,0
A0A5F5XKE9,22.2,19.9,21.6,22.2,0,2.3,0.6,0,1,0
A0A337SUS1,23.3,21.7,20.8,23.3,0,1.6,2.5,0,1,1
M3W9A2,22.6,19.1,19.1,22.6,0,3.5,3.5,0,1,1
A0A337SGM0,20.3,15.8,16.9,20.3,0,4.5,3.4,0,1,1
M3WWG3,19.1,19.4,19.2,19.4,0.3,0,0.2,0,0,0
A0A337RVG5,23.2,21.2,21,23.2,0,2,2.2,0,1,1
A0A2I2U968,21.3,18.8,19.2,21.3,0,2.5,2.1,0,1,1
A0A2I2UN28,28.8,17,17.2,28.8,0,11.8,11.6,0,1,1
M3WFG2,18,15.3,15.6,18,0,2.7,2.4,0,1,1
A0A337S496,21.7,17.7,17.3,21.7,0,4,4.4,0,1,1
A0A2I2U432,27.3,23.7,23.5,27.3,0,3.6,3.8,0,1,1
A0A337RZD5,23.6,22,21.8,23.6,0,1.6,1.8,0,1,1
A0A337RV83,25.8,22.3,22,25.8,0,3.5,3.8,0,1,1
A0A5F5XC75,25.2,21.3,21.6,25.2,0,3.9,3.6,0,1,1
M3W2F5,23.1,17.5,17.9,23.1,0,5.6,5.2,0,1,1
A0A5F5XYM1,23.1,18.3,19.3,23.1,0,4.8,3.8,0,1,1
M3WVN3,20.9,17.1,16.9,20.9,0,3.8,4,0,1,1
M3WPE0,21.5,11.7,11.3,21.5,0,9.8,10.2,0,1,1
A0A5F5Y1B8,24.2,20.9,20.4,24.2,0,3.3,3.8,0,1,1
A0A5F5Y4J4,19.7,17.3,17.3,19.7,0,2.4,2.4,0,1,1
A0A5F5XGS9,23.3,20.1,20.3,23.3,0,3.2,3,0,1,1
A0A337RYM9,20.3,18.3,18.8,20.3,0,2,1.5,0,1,1
A0A337SN04,21.4,21,19.5,21.4,0,0.4,1.9,0,0,1
A0A2I2UD65,25.8,25.2,23.5,25.8,0,0.6,2.3,0,0,1
A0A5F5XGI4,23.3,18.7,18.8,23.3,0,4.6,4.5,0,1,1
M3WLD9,20.7,19.2,19,20.7,0,1.5,1.7,0,1,1
A0A2I2U2C4,21.9,19.3,19.1,21.9,0,2.6,2.8,0,1,1
A0A337S4V9,27.7,21.2,21.3,27.7,0,6.5,6.4,0,1,1
A0A337RW59,27.1,24.4,24.6,27.1,0,2.7,2.5,0,1,1
M3WHG4,24.5,19.2,18.7,24.5,0,5.3,5.8,0,1,1
A0A2I2U7G3,19.8,16.2,16.3,19.8,0,3.6,3.5,0,1,1
A0A2I2UH03,17.5,18.4,18.7,18.7,1.2,0.3,0,1,0,0
A0A2I2U3V7,20.6,20.9,21.4,21.4,0.8,0.5,0,0,0,0
A0A2I2U1P2,27.3,22.2,23.9,27.3,0,5.1,3.4,0,1,1
M3WN82,18.7,15.3,15.3,18.7,0,3.4,3.4,0,1,1
A0A5F5XKH5,17.1,16.1,15.2,17.1,0,1,1.9,0,1,1
A0A337S2A4,23.2,21.9,22.6,23.2,0,1.3,0.6,0,1,0
M3VWP9,21.7,19,17.7,21.7,0,2.7,4,0,1,1
A0A337RVF9,25.5,22.5,22,25.5,0,3,3.5,0,1,1
A0A2I2U8E4,27.8,28.4,28.9,28.9,1.1,0.5,0,1,0,0
A0A5F5XZM2,24.7,22.3,22.5,24.7,0,2.4,2.2,0,1,1
M3WKB7,23.4,20.5,20.7,23.4,0,2.9,2.7,0,1,1
A0A2I2U0Y4,23,19.6,19.5,23,0,3.4,3.5,0,1,1
A0A2I2UAE6,23.8,24.4,24.6,24.6,0.8,0.2,0,0,0,0
A0A337SN31,20.6,20.4,19.7,20.6,0,0.2,0.9,0,0,0
M3WGH2,23.4,23.8,24.4,24.4,1,0.6,0,1,0,0
M3WMF1,24.7,26.3,26.4,26.4,1.7,0.1,0,1,0,0
A0A2I2V326,21.7,17.7,17.8,21.7,0,4,3.9,0,1,1
A0A337SJW2,24.4,21.5,21.6,24.4,0,2.9,2.8,0,1,1
A0A2I2U0K1,22.5,17.3,17.7,22.5,0,5.2,4.8,0,1,1
A0A337SEH6,18.8,18.1,15.9,18.8,0,0.7,2.9,0,0,1
U5TLB4,21,20.7,20.8,21,0,0.3,0.2,0,0,0
A0A0K2YWB3,18.5,17,16.5,18.5,0,1.5,2,0,1,1
A0A337SSG2,20.4,16.4,18.6,20.4,0,4,1.8,0,1,1
A0A337SJR3,20.6,17.8,18.1,20.6,0,2.8,2.5,0,1,1
A0A337SV16,21.5,15.6,16,21.5,0,5.9,5.5,0,1,1
A0A337SRL8,24.6,23.2,23.7,24.6,0,1.4,0.9,0,1,0
A0A5F5XYI6,15,14.2,15.5,15.5,0.5,1.3,0,0,1,0
M3WK50,23.8,20.4,21,23.8,0,3.4,2.8,0,1,1
A0A5F5XJY1,22,19.7,20.4,22,0,2.3,1.6,0,1,1
A0A337S172,21.9,19.5,18.7,21.9,0,2.4,3.2,0,1,1
M3WNB8,17.5,16.6,15.4,17.5,0,0.9,2.1,0,0,1
A0A2I2UC81,29.5,19.6,19.7,29.5,0,9.9,9.8,0,1,1
A0A5F5XVE8,16,18.9,18.3,18.9,2.9,0,0.6,1,0,0
A0A5F5Y1N6,13,18.9,18.4,18.9,5.9,0,0.5,1,0,0
A0A337SBA6,22.3,21.1,20.1,22.3,0,1.2,2.2,0,1,1
M3W544,16.3,16,16.4,16.4,0.1,0.4,0,0,0,0
A0A5F5XWB9,26.7,27.3,27,27.3,0.6,0,0.3,0,0,0
A0A2I2UDI7,27.2,22,21.8,27.2,0,5.2,5.4,0,1,1
A0A5F5XI25,21.6,18,18.4,21.6,0,3.6,3.2,0,1,1
A0A5F5XUR3,16.7,13.7,13.7,16.7,0,3,3,0,1,1
A0A337SVX9,18.9,19.2,18.6,19.2,0.3,0,0.6,0,0,0
A0A337SMK6,22.6,20.1,21,22.6,0,2.5,1.6,0,1,1
P13369,18.1,13.6,13.1,18.1,0,4.5,5,0,1,1
M3WGW7,26.2,20.7,20.6,26.2,0,5.5,5.6,0,1,1
D5MTH1,23,20.7,21,23,0,2.3,2,0,1,1
M3WIK5,27.4,21.1,20.9,27.4,0,6.3,6.5,0,1,1
Q8WNR9,21.5,18,17.6,21.5,0,3.5,3.9,0,1,1
A0A337SE08,21.5,16.5,16.8,21.5,0,5,4.7,0,1,1
A0A337SJE3,24.2,22.9,22,24.2,0,1.3,2.2,0,1,1
A0A337SHY2,21.4,20.7,20.2,21.4,0,0.7,1.2,0,0,1
A0A2I2U5B1,18.6,17.5,17.9,18.6,0,1.1,0.7,0,1,0
A0A5F5XDM8,25.7,20.6,20.7,25.7,0,5.1,5,0,1,1
M3W019,24.1,17.2,18.4,24.1,0,6.9,5.7,0,1,1
M3WHR1,22.7,20,20.7,22.7,0,2.7,2,0,1,1
A0A337SMR1,23.5,22,21.6,23.5,0,1.5,1.9,0,1,1
M3WLU0,25.2,22.7,23.1,25.2,0,2.5,2.1,0,1,1
M3W9M0,25.2,21.5,21.4,25.2,0,3.7,3.8,0,1,1
M3W8G3,26,20.9,21.2,26,0,5.1,4.8,0,1,1
M3W7M8,20.8,19.1,18.9,20.8,0,1.7,1.9,0,1,1
M3WGI2,20.5,13.8,14,20.5,0,6.7,6.5,0,1,1
A0A337SUC3,21.6,19.7,19.7,21.6,0,1.9,1.9,0,1,1
M3W0Q2,18.3,18.9,19.1,19.1,0.8,0.2,0,0,0,0
M3WUC1,21.8,18.9,17.9,21.8,0,2.9,3.9,0,1,1
A0A337RZ12,25,20.2,20,25,0,4.8,5,0,1,1
M3W0Q1,23.9,18.1,17.9,23.9,0,5.8,6,0,1,1
A0A5F5XBP7,26.1,19.7,18.9,26.1,0,6.4,7.2,0,1,1
M3VVI7,25.5,20.1,18.5,25.5,0,5.4,7,0,1,1
M3WJ25,29.2,25.7,25.6,29.2,0,3.5,3.6,0,1,1
A0A2I2UJG2,20,15.2,15.7,20,0,4.8,4.3,0,1,1
A0A2I2UQ66,24.2,20.8,20.8,24.2,0,3.4,3.4,0,1,1
O62657,22.1,19.4,20.5,22.1,0,2.7,1.6,0,1,1
M3WSR7,22,18.5,18.1,22,0,3.5,3.9,0,1,1
M3VWB9,22,20,19.9,22,0,2,2.1,0,1,1
A0A337S6Y2,22,19.9,19.2,22,0,2.1,2.8,0,1,1
A0A337SFQ4,23.7,22,22.2,23.7,0,1.7,1.5,0,1,1
A0A2I2U6R0,22.1,16.2,17.1,22.1,0,5.9,5,0,1,1
A0A337SMV2,22.8,18,18,22.8,0,4.8,4.8,0,1,1
A0A337S0Q6,20.1,16.5,16.5,20.1,0,3.6,3.6,0,1,1
M3WFI7,19.7,16.3,16.4,19.7,0,3.4,3.3,0,1,1
A0A2I2U3S0,22.6,20.1,19.7,22.6,0,2.5,2.9,0,1,1
M3XC02,26,23.8,23.2,26,0,2.2,2.8,0,1,1
A0A337SE70,24.1,21.8,22,24.1,0,2.3,2.1,0,1,1
A0A2I2UUM4,25.8,17.2,16.6,25.8,0,8.6,9.2,0,1,1
A0A337S785,25.8,23,23.4,25.8,0,2.8,2.4,0,1,1
A0A337SIN6,22.2,16.4,16.1,22.2,0,5.8,6.1,0,1,1
A0A2I2U119,23.7,17.1,17,23.7,0,6.6,6.7,0,1,1
M3X710,23.9,20.9,21.3,23.9,0,3,2.6,0,1,1
M3W5T1,23.2,18.9,19.3,23.2,0,4.3,3.9,0,1,1
A0A5F5XLL3,19.6,14.3,12.8,19.6,0,5.3,6.8,0,1,1
A0A5F5XE39,21.9,18.4,18.5,21.9,0,3.5,3.4,0,1,1
A0A337S6Z7,16.4,10.2,10.3,16.4,0,6.2,6.1,0,1,1
A0A5F5XJC4,24,23.2,23.1,24,0,0.8,0.9,0,0,0
A0A5F5XEB8,21.7,21,20.7,21.7,0,0.7,1,0,0,0
A0A337S1A5,17.9,18.9,18.3,18.9,1,0,0.6,1,0,0
A0A5F5XF61,16.6,19.3,18,19.3,2.7,0,1.3,1,0,1
M3WGM9,30.8,20.9,22.8,30.8,0,9.9,8,0,1,1
A0A2I2UNJ5,22.3,17.7,17.9,22.3,0,4.6,4.4,0,1,1
M3VUU5,24.3,19.2,19.1,24.3,0,5.1,5.2,0,1,1
A0A5F5XGS4,21.9,16.5,17,21.9,0,5.4,4.9,0,1,1
M3W0Z1,24.6,22.6,22.2,24.6,0,2,2.4,0,1,1
A0A337S046,16.2,12.9,11.8,16.2,0,3.3,4.4,0,1,1
Q9N2I7,29,22,21.5,29,0,7,7.5,0,1,1
A0A5F5XVS8,25.6,21,21.3,25.6,0,4.6,4.3,0,1,1
M3XE34,28.9,20.3,20.1,28.9,0,8.6,8.8,0,1,1
A0A2I2U844,23.5,19.9,20,23.5,0,3.6,3.5,0,1,1
A0A5F5XFR8,21,17.8,18.6,21,0,3.2,2.4,0,1,1
A0A2I2UZA9,25.2,19.9,19.5,25.2,0,5.3,5.7,0,1,1
A0A2I2UGD4,24.8,24.2,24.4,24.8,0,0.6,0.4,0,0,0
A0A2I2UCR1,21.5,19.7,19.6,21.5,0,1.8,1.9,0,1,1
A0A337SP25,21.5,19,18.4,21.5,0,2.5,3.1,0,1,1
M3WCK3,22.6,22.9,21.2,22.9,0.3,0,1.7,0,0,1
A0A2I2UFE0,21.4,16.7,16.2,21.4,0,4.7,5.2,0,1,1
M3WM59,18.8,18.1,17.9,18.8,0,0.7,0.9,0,0,0
M3W858,15.7,15.3,15.4,15.7,0,0.4,0.3,0,0,0
M3WRY2,25.1,27.4,26.3,27.4,2.3,0,1.1,1,0,1
A0A337SPQ5,20,16.9,17.8,20,0,3.1,2.2,0,1,1
A0A337SND7,22.4,14.5,15,22.4,0,7.9,7.4,0,1,1
A0A337SDI4,17.5,17,16,17.5,0,0.5,1.5,0,0,1
A0A2I2U0I8,22.1,16.8,17,22.1,0,5.3,5.1,0,1,1
Q66RN5,24.8,24.7,24.4,24.8,0,0.1,0.4,0,0,0
M3W2D2,16.9,16.8,18.1,18.1,1.2,1.3,0,1,1,0
M3VVE6,28.2,25.5,25.3,28.2,0,2.7,2.9,0,1,1
A0A337SCW7,24.6,22.9,23,24.6,0,1.7,1.6,0,1,1
A0A337SFI6,19.3,19.4,19.6,19.6,0.3,0.2,0,0,0,0
A0A337S356,26.3,17.8,18.3,26.3,0,8.5,8,0,1,1
A0A337SBN3,23.6,18.1,18.3,23.6,0,5.5,5.3,0,1,1
A0A337S0H8,20.2,22.2,21.7,22.2,2,0,0.5,1,0,0
M3WR70,24.4,22.8,21.1,24.4,0,1.6,3.3,0,1,1
B0LDS5,24.7,22.6,21.9,24.7,0,2.1,2.8,0,1,1
A0A337SFQ1,22.9,22.2,19.3,22.9,0,0.7,3.6,0,0,1
Q95ND4,30.2,24.3,23.9,30.2,0,5.9,6.3,0,1,1
A0A2I2U1L8,20.5,13.9,13.9,20.5,0,6.6,6.6,0,1,1
A0A0P0GH12,18.9,18.9,18.4,18.9,0,0,0.5,0,0,0
A0A337S424,20.2,22.5,22.4,22.5,2.3,0,0.1,1,0,0
M3X1U0,22.5,22.4,22.2,22.5,0,0.1,0.3,0,0,0
M3WXE7,20.6,19.6,20,20.6,0,1,0.6,0,1,0
A0A5F5XQI4,20.7,17.5,16.1,20.7,0,3.2,4.6,0,1,1
A0A2I2UKH0,17.2,15.8,16.3,17.2,0,1.4,0.9,0,1,0
M3XDI4,20,20.8,20.8,20.8,0.8,0,0,0,0,0
M3WCG8,23.2,19,19,23.2,0,4.2,4.2,0,1,1
A0A2I2U322,18.2,19,18.1,19,0.8,0,0.9,0,0,0
A0A5F5XCL3,19,14.8,14.5,19,0,4.2,4.5,0,1,1
A0A337RZ59,17.8,14.4,16.1,17.8,0,3.4,1.7,0,1,1
M3W5W5,24.7,20.6,21.3,24.7,0,4.1,3.4,0,1,1
M3XDQ5,17.3,13.1,14.5,17.3,0,4.2,2.8,0,1,1
A0A5F5XSQ0,25.1,16.8,17.7,25.1,0,8.3,7.4,0,1,1
A0A2I2UVP6,21.5,18,18.6,21.5,0,3.5,2.9,0,1,1
M3XGC9,21.2,20.2,20.2,21.2,0,1,1,0,1,0
A0A2I2UTE6,22.1,19.5,19.4,22.1,0,2.6,2.7,0,1,1
A0A337S0P1,18.9,12.4,12.4,18.9,0,6.5,6.5,0,1,1
A0A2I2UHT3,20.4,17.2,17.6,20.4,0,3.2,2.8,0,1,1
A0A2I2UJ14,21.9,19.6,20,21.9,0,2.3,1.9,0,1,1
A0A2I2V5H4,20.7,16,17.4,20.7,0,4.7,3.3,0,1,1
M3VU18,25.6,21.1,21.5,25.6,0,4.5,4.1,0,1,1
A0A2I2V3L7,22,20.8,21.1,22,0,1.2,0.9,0,1,0
A0A2I2V568,24,21.5,21.6,24,0,2.5,2.4,0,1,1
A0A2I2U6N9,17.9,10.1,10,17.9,0,7.8,7.9,0,1,1
M3X1B4,20.3,21.3,21.4,21.4,1.1,0.1,0,1,0,0
M3VWW1,23.9,20.1,20.1,23.9,0,3.8,3.8,0,1,1
P11261,20.5,20.6,20.4,20.6,0.1,0,0.2,0,0,0
A0A0D5ZXZ6,12.5,11.8,10.6,12.5,0,0.7,1.9,0,0,1
M3WIV4,23.2,19.8,20.2,23.2,0,3.4,3,0,1,1
A0A5F5XZT1,24.8,20.5,20.5,24.8,0,4.3,4.3,0,1,1
A0A2I2UHA0,18.3,13.7,12.3,18.3,0,4.6,6,0,1,1
A0A2I2UV62,21.7,18.5,18.5,21.7,0,3.2,3.2,0,1,1
A0A2I2UTP3,21,10,10.3,21,0,11,10.7,0,1,1
A0A5F5XNL0,23.4,20.6,19.7,23.4,0,2.8,3.7,0,1,1
M3WPK6,23.4,14.2,14,23.4,0,9.2,9.4,0,1,1
A0A337RY03,19,14.8,14.3,19,0,4.2,4.7,0,1,1
A0A2I2UI65,23.4,21.4,19.9,23.4,0,2,3.5,0,1,1
A0A5F5Y2L8,23.7,20.1,19.5,23.7,0,3.6,4.2,0,1,1
A0A2I2V293,24.6,23.4,22.9,24.6,0,1.2,1.7,0,1,1
A0A5F5XXF9,25.8,21.7,21.4,25.8,0,4.1,4.4,0,1,1
M3WSY6,23,21.2,21.8,23,0,1.8,1.2,0,1,1
M3X4X2,19.1,15,17.3,19.1,0,4.1,1.8,0,1,1
A0A2I2UQW0,19.9,19.4,19.2,19.9,0,0.5,0.7,0,0,0
M3WVD3,18.2,17.1,14,18.2,0,1.1,4.2,0,1,1
M3VV12,23.9,24.1,24.1,24.1,0.2,0,0,0,0,0
A0A5F5XI42,16.5,22.1,22.1,22.1,5.6,0,0,1,0,0
M3WMZ2,21.6,19.2,19.6,21.6,0,2.4,2,0,1,1
A0A2I2V4V9,25,21,20.3,25,0,4,4.7,0,1,1
M3XAF3,20.2,16.3,16.8,20.2,0,3.9,3.4,0,1,1
A0A2I2UQQ2,19.4,19.6,19.1,19.6,0.2,0,0.5,0,0,0
M3XFW7,22.1,27.4,27.4,27.4,5.3,0,0,1,0,0
A0A337S6A6,18.8,21.8,21.8,21.8,3,0,0,1,0,0
A0A337S6P4,20,22,21.8,22,2,0,0.2,1,0,0
A0A2I2U6X9,26.2,26.8,26.3,26.8,0.6,0,0.5,0,0,0
M3WKC7,22.2,26.2,26,26.2,4,0,0.2,1,0,0
Q2WGK2,28.1,21,21.1,28.1,0,7.1,7,0,1,1
A0A1W7HNZ6,23.4,26,25.7,26,2.6,0,0.3,1,0,0
A0A2I2U5J7,23.7,24.8,24,24.8,1.1,0,0.8,1,0,0
A0A5F5XF87,23,24.7,24.2,24.7,1.7,0,0.5,1,0,0
M3WSI8,29.8,29.1,29.2,29.8,0,0.7,0.6,0,0,0
M3W050,21.5,17.6,18.3,21.5,0,3.9,3.2,0,1,1
A0A337SQW4,24.5,24.7,26.7,26.7,2.2,2,0,1,1,0
M3W922,19.5,19.6,20.6,20.6,1.1,1,0,1,1,0
M3WKC6,20.2,22.3,22.3,22.3,2.1,0,0,1,0,0
A0A5F5XH53,22.3,21,20.8,22.3,0,1.3,1.5,0,1,1
Q6SA95,23.3,25.2,24.9,25.2,1.9,0,0.3,1,0,0
M3WR74,19.6,18.2,18.2,19.6,0,1.4,1.4,0,1,1
A0A5F5XG15,23.9,17.8,18.6,23.9,0,6.1,5.3,0,1,1
M3WQY4,18.8,16.8,16,18.8,0,2,2.8,0,1,1
M3X9Z0,24.2,21.4,20.6,24.2,0,2.8,3.6,0,1,1
A0A5F5XIT1,17.7,14.5,14.1,17.7,0,3.2,3.6,0,1,1
A0A5F5XFP7,21.6,19.8,20.9,21.6,0,1.8,0.7,0,1,0
M3W1C3,25.6,23.2,21.7,25.6,0,2.4,3.9,0,1,1
A0A337RY82,18.1,15.2,14.5,18.1,0,2.9,3.6,0,1,1
A0A337RZ83,21,20.7,21,21,0,0.3,0,0,0,0
A0A5F5XGS1,20.3,17.2,17.8,20.3,0,3.1,2.5,0,1,1
A0A5F5Y0R2,18.6,12.4,13.3,18.6,0,6.2,5.3,0,1,1
A0A337S9Y1,21.9,16.5,17,21.9,0,5.4,4.9,0,1,1
A0A2I2UZV7,22.6,21.4,20.2,22.6,0,1.2,2.4,0,1,1
A0A2I2U2C0,19.4,18.3,18.2,19.4,0,1.1,1.2,0,1,1
M3WFK0,25.2,23.6,23.4,25.2,0,1.6,1.8,0,1,1
A0A2I2UCL3,22.7,21.7,21.9,22.7,0,1,0.8,0,1,0
A0A337SRF9,27.2,24.1,23.9,27.2,0,3.1,3.3,0,1,1
M3WZ15,23.2,24,23.1,24,0.8,0,0.9,0,0,0
A0A2I2UFJ4,24.6,20.4,20.4,24.6,0,4.2,4.2,0,1,1
A0A337S164,27.4,23.3,22.9,27.4,0,4.1,4.5,0,1,1
A0A337SXC1,23.8,16.1,15.1,23.8,0,7.7,8.7,0,1,1
A0A337S7Y7,27,20.9,21.4,27,0,6.1,5.6,0,1,1
M3WMG2,27.4,23.3,23.4,27.4,0,4.1,4,0,1,1
M3WB78,24.5,22.1,22.3,24.5,0,2.4,2.2,0,1,1
M3VXP7,18.8,17.4,17.7,18.8,0,1.4,1.1,0,1,1
A0A5F5Y0F7,24.5,25.7,25.1,25.7,1.2,0,0.6,1,0,0
A0A2I2UDZ7,22.3,21.9,18.8,22.3,0,0.4,3.5,0,0,1
A0A5F5Y6R9,16.1,14.1,13.1,16.1,0,2,3,0,1,1
Q9N2I5,23.7,21,22.1,23.7,0,2.7,1.6,0,1,1
A0A337S1R1,17.4,19.3,19.2,19.3,1.9,0,0.1,1,0,0
M3X177,13.3,17.3,17.3,17.3,4,0,0,1,0,0
A0A5F5XXG1,17.1,14.1,15.4,17.1,0,3,1.7,0,1,1
A0A337RZH0,24.1,26.6,26.6,26.6,2.5,0,0,1,0,0
P14450,16.3,25.5,17.3,25.5,9.2,0,8.2,1,0,1
M3W022,27.3,32,25.1,32,4.7,0,6.9,1,0,1
P14469,22.8,25.7,19.5,25.7,2.9,0,6.2,1,0,1
M3WII3,24.5,31.9,24.4,31.9,7.4,0,7.5,1,0,1
A0A5F5XVE3,23.7,23.8,23.9,23.9,0.2,0.1,0,0,0,0
A0A2I2UK29,25.2,21.8,22.1,25.2,0,3.4,3.1,0,1,1
A0A337S7G1,20.9,17.2,17.2,20.9,0,3.7,3.7,0,1,1
A0A5F5XGZ0,24.1,31.2,23,31.2,7.1,0,8.2,1,0,1
A0A5F5XLT1,11.6,20.3,10.4,20.3,8.7,0,9.9,1,0,1
A0A516V1E7,15.2,12.1,11.1,15.2,0,3.1,4.1,0,1,1
A0A516V1E1,16.2,15.5,16.9,16.9,0.7,1.4,0,0,1,0
A0A516V164,22.7,20.1,19.7,22.7,0,2.6,3,0,1,1
S4Z3G3,13,15,15.4,15.4,2.4,0.4,0,1,0,0
A0A516V168,21.8,21.1,20.8,21.8,0,0.7,1,0,0,0
A0A516V172,15.5,13.6,12.9,15.5,0,1.9,2.6,0,1,1
A0A516V166,21.6,19.2,19,21.6,0,2.4,2.6,0,1,1
A0A516V181,15.2,14.1,13,15.2,0,1.1,2.2,0,1,1
A0A516V177,15.2,14.1,13,15.2,0,1.1,2.2,0,1,1
A0A516V1A6,17.9,18,17.4,18,0.1,0,0.6,0,0,0
A0A337SDQ4,19.7,14,14.1,19.7,0,5.7,5.6,0,1,1
A0A2I2V3V8,26,22.8,22.5,26,0,3.2,3.5,0,1,1
A0A2I2US09,25.5,21.2,21.3,25.5,0,4.3,4.2,0,1,1
A0A2I2UDN6,24.7,20.3,19.8,24.7,0,4.4,4.9,0,1,1
M3X0B9,18.9,16.2,16.4,18.9,0,2.7,2.5,0,1,1
A0A2I2UES4,18.2,20.2,20.1,20.2,2,0,0.1,1,0,0
A0A2I2U011,29.5,27.9,27.5,29.5,0,1.6,2,0,1,1
A0A2I2UAM2,18.5,20.9,20.5,20.9,2.4,0,0.4,1,0,0
A0A5F5XFC0,16.4,14.3,17.1,17.1,0.7,2.8,0,0,1,0
A0A337SB41,19.1,17.1,16.5,19.1,0,2,2.6,0,1,1
M3WR11,26.4,20.1,20.2,26.4,0,6.3,6.2,0,1,1
M3XEV8,21.7,20.4,20.6,21.7,0,1.3,1.1,0,1,1
A0A2I2V2F6,22.3,19,18.9,22.3,0,3.3,3.4,0,1,1
M3WL17,23.8,26.9,26.8,26.9,3.1,0,0.1,1,0,0
A0A337S130,25.6,21,20.9,25.6,0,4.6,4.7,0,1,1
A0A2I2U6V1,20.3,17.9,18.2,20.3,0,2.4,2.1,0,1,1
Q2MHN1,21.8,21.2,20.6,21.8,0,0.6,1.2,0,0,1
A0A060PNW6,23.3,17.7,18.3,23.3,0,5.6,5,0,1,1
A0A337S4I1,23.9,19.7,20.2,23.9,0,4.2,3.7,0,1,1
M3W912,20,12.9,13.1,20,0,7.1,6.9,0,1,1
A0A5F5XT00,21.4,21.9,22.5,22.5,1.1,0.6,0,1,0,0
A0A5F5XZJ7,24.1,23.5,24,24.1,0,0.6,0.1,0,0,0
M3X4M3,20.7,21.8,19.7,21.8,1.1,0,2.1,1,0,1
M3X1P3,14.8,15.8,15.1,15.8,1,0,0.7,1,0,0
A0A2I2UH80,22.7,17.3,19,22.7,0,5.4,3.7,0,1,1
M3W3B8,22.8,16.1,16,22.8,0,6.7,6.8,0,1,1
A0A2I2U7V2,23.6,18.5,19.3,23.6,0,5.1,4.3,0,1,1
A0A5F5XKV2,21.4,15.7,15.7,21.4,0,5.7,5.7,0,1,1
A0A5F5XIY0,27.2,22.9,23.3,27.2,0,4.3,3.9,0,1,1
A0A5F5XGF8,18.7,24.3,24.5,24.5,5.8,0.2,0,1,0,0
A0A2I2U122,24.3,24.5,25.2,25.2,0.9,0.7,0,0,0,0
M3X9U2,20.3,13.2,12.7,20.3,0,7.1,7.6,0,1,1
A0A2I2UQ95,20.2,16.2,16.9,20.2,0,4,3.3,0,1,1
A0A5F5Y4N4,21.8,18.4,17.7,21.8,0,3.4,4.1,0,1,1
A0A5F5XTD3,24.5,22.3,22.3,24.5,0,2.2,2.2,0,1,1
A0A5F5Y2N0,22.2,23.2,22.7,23.2,1,0,0.5,1,0,0
A0A2I2UA27,21.2,20.6,20.7,21.2,0,0.6,0.5,0,0,0
Q9N2D5,24.4,19.8,20.9,24.4,0,4.6,3.5,0,1,1
A0A5F5XUR6,25.3,17,16.8,25.3,0,8.3,8.5,0,1,1
A0A5F5XGA1,26.5,22.2,21.6,26.5,0,4.3,4.9,0,1,1
A0A5F5XDS7,17,18,18.4,18.4,1.4,0.4,0,1,0,0
M3VVL7,19.6,20.3,20,20.3,0.7,0,0.3,0,0,0
A0A337SNL3,21.7,19.8,21.4,21.7,0,1.9,0.3,0,1,0
A0A2I2UCJ0,21.6,18.6,18.3,21.6,0,3,3.3,0,1,1
M3W2Z1,27.5,32.1,32,32.1,4.6,0,0.1,1,0,0
A0A2I2U4I8,18,19.5,19.5,19.5,1.5,0,0,1,0,0
A0A337S915,23.5,21.8,22.3,23.5,0,1.7,1.2,0,1,1
M3WHB4,20.3,19.5,19.4,20.3,0,0.8,0.9,0,0,0
A0A337SH50,20.8,18.3,19.1,20.8,0,2.5,1.7,0,1,1
A0A5F5XDL4,19.4,17.8,17,19.4,0,1.6,2.4,0,1,1
A0A2I2UI95,21.1,19.3,19.6,21.1,0,1.8,1.5,0,1,1
A0A337SD81,20.9,17.5,17.6,20.9,0,3.4,3.3,0,1,1
A0A2I2UFV4,23.1,22.1,22.2,23.1,0,1,0.9,0,1,0
M3WQ38,24.5,19.6,19.7,24.5,0,4.9,4.8,0,1,1
A0A5F5XWZ9,23.7,20.2,20.4,23.7,0,3.5,3.3,0,1,1
M3VWS9,25.9,23.6,25.5,25.9,0,2.3,0.4,0,1,0
A0A2I2UZ31,17.8,16.7,17.2,17.8,0,1.1,0.6,0,1,0
M3WEU6,21.8,20.4,21,21.8,0,1.4,0.8,0,1,0
A0A2I2UF05,15.6,13.3,12.7,15.6,0,2.3,2.9,0,1,1
M3W803,14.8,16.9,17.3,17.3,2.5,0.4,0,1,0,0
A0A2I2U1V5,26.2,21.9,22.6,26.2,0,4.3,3.6,0,1,1
O19015,25.3,22.6,21.2,25.3,0,2.7,4.1,0,1,1
A0A2I2URA0,24.7,22.4,22.7,24.7,0,2.3,2,0,1,1
A0A2I2U855,16.8,19.3,19.7,19.7,2.9,0.4,0,1,0,0
A0A5F5XL86,19.6,19.2,18.7,19.6,0,0.4,0.9,0,0,0
M3X3M9,19.4,19.5,18.6,19.5,0.1,0,0.9,0,0,0
M3WHT1,29.2,21.3,21.5,29.2,0,7.9,7.7,0,1,1
A0A337S5X4,20.6,15.8,16.1,20.6,0,4.8,4.5,0,1,1
A0A2I2UZP1,22.5,17.3,17.3,22.5,0,5.2,5.2,0,1,1
A0A2I2U673,23.6,22.2,23,23.6,0,1.4,0.6,0,1,0
A0A2I2U651,19.2,15.9,15.4,19.2,0,3.3,3.8,0,1,1
A0A2I2U1S9,22.5,17.3,17.3,22.5,0,5.2,5.2,0,1,1
M3WU86,22.8,20.2,19.6,22.8,0,2.6,3.2,0,1,1
M3X5T9,20.7,19,19,20.7,0,1.7,1.7,0,1,1
A0A2I2U2P0,22.3,18.4,19.4,22.3,0,3.9,2.9,0,1,1
A0A2I2UXE2,20.4,20.2,22,22,1.6,1.8,0,1,1,0
A0A5F5XZA0,20.9,20.4,19.9,20.9,0,0.5,1,0,0,0
M3VUR6,27.5,20.8,21.2,27.5,0,6.7,6.3,0,1,1
A0A5F5XP94,25.6,29.2,29.5,29.5,3.9,0.3,0,1,0,0
M3WCA0,22.1,18.7,19,22.1,0,3.4,3.1,0,1,1
A0A5F5XGH7,23.3,24.9,25.5,25.5,2.2,0.6,0,1,0,0
A0A5F5XIK0,26.2,22.9,23.2,26.2,0,3.3,3,0,1,1
A0A5F5XJV1,19.4,17.9,18.2,19.4,0,1.5,1.2,0,1,1
A0A2I2U027,22.2,21.6,21.2,22.2,0,0.6,1,0,0,0
M3WSF8,21.6,18.9,17.3,21.6,0,2.7,4.3,0,1,1
A0A2I2U6L5,24.4,20.2,22,24.4,0,4.2,2.4,0,1,1
A0A337S4V2,18.4,17.3,17.5,18.4,0,1.1,0.9,0,1,0
A0A5F5XH67,23.1,19.8,19.6,23.1,0,3.3,3.5,0,1,1
M3WBH7,23,20.7,20.4,23,0,2.3,2.6,0,1,1
A0A337S9I7,21.3,18.8,18.6,21.3,0,2.5,2.7,0,1,1
A0A337ST09,19.4,19.6,19.5,19.6,0.2,0,0.1,0,0,0
A0A5F5XQW6,24.2,26.6,27.1,27.1,2.9,0.5,0,1,0,0
A0A5F5XTB2,21.9,25,25.2,25.2,3.3,0.2,0,1,0,0
A0A337S764,20.9,21.2,20.9,21.2,0.3,0,0.3,0,0,0
A0A2I2UBJ4,16.6,16.1,15.5,16.6,0,0.5,1.1,0,0,1
A0A5F5XQN9,21.9,26.1,26.1,26.1,4.2,0,0,1,0,0
M3WUB8,21.1,19.5,19.6,21.1,0,1.6,1.5,0,1,1
A0A2I2UTY3,18.8,15.8,14.7,18.8,0,3,4.1,0,1,1
A0A2I2UB41,20.1,17.4,17.6,20.1,0,2.7,2.5,0,1,1
A0A2I2UI30,26,19.7,20,26,0,6.3,6,0,1,1
A0A2I2UII4,19.2,18,19.2,19.2,0,1.2,0,0,1,0
A0A2I2V5E5,21.9,28.3,28.2,28.3,6.4,0,0.1,1,0,0
A0A5F5XWC4,22.9,23.1,23.1,23.1,0.2,0,0,0,0,0
A0A5F5XTI2,22.1,18.4,18.2,22.1,0,3.7,3.9,0,1,1
A0A2I2V346,23.8,19.3,19.9,23.8,0,4.5,3.9,0,1,1
A0A2I2UTS2,26.8,28.1,28.5,28.5,1.7,0.4,0,1,0,0
A0A337SJ23,19.4,16.7,17.7,19.4,0,2.7,1.7,0,1,1
A0A337SLL9,20.3,17.4,18.1,20.3,0,2.9,2.2,0,1,1
A0A2I2U8R6,22.5,17.7,18.7,22.5,0,4.8,3.8,0,1,1
A0A2I2UUQ5,24,24.4,24.5,24.5,0.5,0.1,0,0,0,0
M3W5G2,21.6,19.5,19.8,21.6,0,2.1,1.8,0,1,1
A0A5F5XR95,16.8,12.4,11.7,16.8,0,4.4,5.1,0,1,1
M3W5G1,19,15.3,16.1,19,0,3.7,2.9,0,1,1
O97524,26.5,20.9,20.9,26.5,0,5.6,5.6,0,1,1
A0A5F5XKM9,22.8,18.8,18.6,22.8,0,4,4.2,0,1,1
A0A337S2X4,16.9,16.5,16.3,16.9,0,0.4,0.6,0,0,0
A0A2I2U2D3,23.2,18.5,19.8,23.2,0,4.7,3.4,0,1,1
A0A2I2USF3,20.9,18.5,17.7,20.9,0,2.4,3.2,0,1,1
A0A2I2UIG2,23.4,25.2,23.4,25.2,1.8,0,1.8,1,0,1
M3WSM7,22.7,18.3,18.1,22.7,0,4.4,4.6,0,1,1
A0A2I2UIZ2,23.4,24.5,25,25,1.6,0.5,0,1,0,0
M3VUF1,29.5,24,23.4,29.5,0,5.5,6.1,0,1,1
A0A5F5Y062,21.4,25.3,25.3,25.3,3.9,0,0,1,0,0
M3WFU5,16.7,22.5,22.3,22.5,5.8,0,0.2,1,0,0
A0A2I2U3V1,21.1,20.8,20.9,21.1,0,0.3,0.2,0,0,0
A0A2I2UQN2,18.1,17.3,17.9,18.1,0,0.8,0.2,0,0,0
A0A2I2UFL9,24.6,11,11.2,24.6,0,13.6,13.4,0,1,1
A0A024A8A5,22.3,22.8,22.4,22.8,0.5,0,0.4,0,0,0
P07405,24.8,29,30.2,30.2,5.4,1.2,0,1,1,0
P07412,26.1,30.4,31.7,31.7,5.6,1.3,0,1,1,0
A0A2I2U9B2,19.5,16.7,16.5,19.5,0,2.8,3,0,1,1
M3W3P5,25.8,16.4,15.9,25.8,0,9.4,9.9,0,1,1
A0A337S0K9,15.9,21.8,13.5,21.8,5.9,0,8.3,1,0,1
M3WLX7,25.6,20.6,20.9,25.6,0,5,4.7,0,1,1
G4XSV9,26.1,20.6,20.5,26.1,0,5.5,5.6,0,1,1
P49614,25.4,24.1,24.3,25.4,0,1.3,1.1,0,1,1
M3WHB2,24,26.7,26.6,26.7,2.7,0,0.1,1,0,0
A0A337SUG1,21.6,19.1,19.4,21.6,0,2.5,2.2,0,1,1
M3X1M2,25.8,19.8,19.8,25.8,0,6,6,0,1,1
M3X7U8,25.5,21.4,21.6,25.5,0,4.1,3.9,0,1,1
A0A2I2UVJ9,16.7,12.8,10.8,16.7,0,3.9,5.9,0,1,1
A0A2I2UI32,17.5,16.5,16.4,17.5,0,1,1.1,0,1,1
A0A5F5XGD0,30.6,32.2,32.4,32.4,1.8,0.2,0,1,0,0
A0A5F5XBX6,22.2,22.9,22.7,22.9,0.7,0,0.2,0,0,0
A0A5F5Y3T3,19.7,16.9,17,19.7,0,2.8,2.7,0,1,1
A0A2I2UDC4,22.7,18.8,18.8,22.7,0,3.9,3.9,0,1,1
M3WJM9,24.4,26.3,26.4,26.4,2,0.1,0,1,0,0
A0A337S6T1,19.7,19.7,20.1,20.1,0.4,0.4,0,0,0,0
A0A2I2U7X4,23.3,21.5,20.9,23.3,0,1.8,2.4,0,1,1
A0A5F5XWD4,19.1,16.4,16.5,19.1,0,2.7,2.6,0,1,1
M3X6Z7,23,20.6,21.3,23,0,2.4,1.7,0,1,1
M3WFT4,24,22.2,22.3,24,0,1.8,1.7,0,1,1
A0A2I2UZM2,25.2,22.6,22.5,25.2,0,2.6,2.7,0,1,1
A0A5F5XK17,21.3,17.1,16.7,21.3,0,4.2,4.6,0,1,1
M3WXZ4,19.8,17.4,18.6,19.8,0,2.4,1.2,0,1,1
A0A337SEI8,20.2,17.8,17,20.2,0,2.4,3.2,0,1,1
A0A5F5Y6R8,30.1,24.5,24.8,30.1,0,5.6,5.3,0,1,1
M3W0Q9,22.5,17.1,17.9,22.5,0,5.4,4.6,0,1,1
M3WMB7,19.5,18.9,19.7,19.7,0.2,0.8,0,0,0,0
M3VYS9,20.5,14,13.6,20.5,0,6.5,6.9,0,1,1
A0A337SAA4,21.6,19.6,19.7,21.6,0,2,1.9,0,1,1
A0A5F5XBM7,22.6,21.1,21.2,22.6,0,1.5,1.4,0,1,1
A0A337SRM7,22,22.1,22.3,22.3,0.3,0.2,0,0,0,0
M3WBF1,23.3,22.4,22.5,23.3,0,0.9,0.8,0,0,0
A0A337SJL0,24.1,20.7,20.8,24.1,0,3.4,3.3,0,1,1
A0A337SQM4,23.8,20.5,21.2,23.8,0,3.3,2.6,0,1,1
M3W1B8,20.6,18.6,19.5,20.6,0,2,1.1,0,1,1
A0A337SJX9,20.6,15.4,16,20.6,0,5.2,4.6,0,1,1
A0A097HWG4,21.3,18.3,18.5,21.3,0,3,2.8,0,1,1
M3WSA1,27.1,20.2,20.3,27.1,0,6.9,6.8,0,1,1
A0A2I2UFF7,18.1,16.1,15.6,18.1,0,2,2.5,0,1,1
M3XFG7,18.8,17.1,17.5,18.8,0,1.7,1.3,0,1,1
A0A2I2UIQ7,17,23,22.6,23,6,0,0.4,1,0,0
A0A2I2UMR3,19.9,24,23.5,24,4.1,0,0.5,1,0,0
A0A5F5XQ21,24.5,24.1,24.2,24.5,0,0.4,0.3,0,0,0
M3VZ93,20.3,18.5,18.3,20.3,0,1.8,2,0,1,1
A0A337SDJ8,24.2,26.9,26.9,26.9,2.7,0,0,1,0,0
M3W4L2,26.3,20.8,20.9,26.3,0,5.5,5.4,0,1,1
A0A2I2UEZ6,26.9,24,23.8,26.9,0,2.9,3.1,0,1,1
A0A2I2USR5,24.8,27,26.8,27,2.2,0,0.2,1,0,0
A0A337RVY2,19.4,21.3,21,21.3,1.9,0,0.3,1,0,0
A0A2I2UF06,17.9,20.1,19.8,20.1,2.2,0,0.3,1,0,0
M3VUH9,18.8,20.4,20.1,20.4,1.6,0,0.3,1,0,0
A0A2I2U3H1,29.6,21.8,21.9,29.6,0,7.8,7.7,0,1,1
A0A337SLQ6,20.4,17.5,17.6,20.4,0,2.9,2.8,0,1,1
A0A2I2UAS8,24.2,18.7,18.7,24.2,0,5.5,5.5,0,1,1
A0A2I2UBK6,20,18.6,17.5,20,0,1.4,2.5,0,1,1
A0A2I2U7U8,26.1,22.4,22.7,26.1,0,3.7,3.4,0,1,1
A0A2I2UF36,25.9,18.6,18.8,25.9,0,7.3,7.1,0,1,1
A0A2I2UA72,26.3,25.9,26.1,26.3,0,0.4,0.2,0,0,0
A0A337SPR9,18.1,13.3,13.6,18.1,0,4.8,4.5,0,1,1
P41690,21.8,17.9,17.5,21.8,0,3.9,4.3,0,1,1
A0A2I2U0A6,19,15.6,13.8,19,0,3.4,5.2,0,1,1
A0A337S2C8,20.5,13.7,13.8,20.5,0,6.8,6.7,0,1,1
M3X8X7,21.2,18.3,19.3,21.2,0,2.9,1.9,0,1,1
A0A337S1N7,23.4,23.2,23.6,23.6,0.2,0.4,0,0,0,0
A0A5F5XF39,19.3,17.1,16.8,19.3,0,2.2,2.5,0,1,1
A0A337S505,20.1,18.2,18.4,20.1,0,1.9,1.7,0,1,1
M3VZN9,16,10,10.2,16,0,6,5.8,0,1,1
M3W832,20.7,22.3,22.3,22.3,1.6,0,0,1,0,0
M3XDA8,17.5,18.3,18.9,18.9,1.4,0.6,0,1,0,0
A0A337SRV8,16.5,10.6,10.9,16.5,0,5.9,5.6,0,1,1
M3X315,26.5,22.2,22.2,26.5,0,4.3,4.3,0,1,1
A0A5F5XEF9,17.7,12.4,11.2,17.7,0,5.3,6.5,0,1,1
A0A2I2UAK7,25,22.1,23.5,25,0,2.9,1.5,0,1,1
A0A5F5Y493,23.7,23.1,22.6,23.7,0,0.6,1.1,0,0,1
A0A2I2USG0,17.3,14,15.1,17.3,0,3.3,2.2,0,1,1
A0A2I2UVP7,17.7,16.6,16.8,17.7,0,1.1,0.9,0,1,0
A0A5F5Y6V1,20,16.7,16.9,20,0,3.3,3.1,0,1,1
P53713,22.4,18.9,19.8,22.4,0,3.5,2.6,0,1,1
A0A222NT34,19.4,15.5,13.4,19.4,0,3.9,6,0,1,1
M3WN59,25.6,27.9,28,28,2.4,0.1,0,1,0,0
A0A337SQW0,25.2,28.7,28.8,28.8,3.6,0.1,0,1,0,0
A0A337SL30,20,25.7,25.7,25.7,5.7,0,0,1,0,0
A0A337SEU6,23.4,27.1,27.1,27.1,3.7,0,0,1,0,0
M3WN60,16.2,19.9,19.3,19.9,3.7,0,0.6,1,0,0
A0A2I2U7R4,26.9,29,29.3,29.3,2.4,0.3,0,1,0,0
M3WEM7,26,24.1,22.4,26,0,1.9,3.6,0,1,1
A0A5F5XMZ9,24.6,18.1,18.9,24.6,0,6.5,5.7,0,1,1
A0A2I2UVC1,22.8,20.2,20.2,22.8,0,2.6,2.6,0,1,1
A0A2I2U9Y7,14.4,16.2,14.4,16.2,1.8,0,1.8,1,0,1
A0A2I2U3Z6,19.9,19.3,18.7,19.9,0,0.6,1.2,0,0,1
A0A2I2UBC8,20,15.9,15.4,20,0,4.1,4.6,0,1,1
A0A337SEF1,23.8,23.2,20.8,23.8,0,0.6,3,0,0,1
A0A5F5XX70,22.8,19.8,19.8,22.8,0,3,3,0,1,1
A0A337SAT8,18,15.6,16.5,18,0,2.4,1.5,0,1,1
A0A5F5XC52,29.3,24.3,24.5,29.3,0,5,4.8,0,1,1
A0A2I2UBN8,22.8,24.7,24.7,24.7,1.9,0,0,1,0,0
A0A2I2UA55,21.9,17.8,17.6,21.9,0,4.1,4.3,0,1,1
A0A337RZ36,19.5,18.2,17.6,19.5,0,1.3,1.9,0,1,1
A0A2I2UIN2,18.1,14.9,14.5,18.1,0,3.2,3.6,0,1,1
A0A2I2U3F2,23.3,19.8,21.1,23.3,0,3.5,2.2,0,1,1
A0A5F5XE91,32.2,27.7,27.9,32.2,0,4.5,4.3,0,1,1
A0A5F5Y533,19.3,16.5,16.7,19.3,0,2.8,2.6,0,1,1
M3VU73,22.4,19.5,19.6,22.4,0,2.9,2.8,0,1,1
A0A2I2U1G6,22.7,15.9,15.2,22.7,0,6.8,7.5,0,1,1
A0A5F5XE96,18.2,12.1,12.1,18.2,0,6.1,6.1,0,1,1
A0A337S5Y7,22,20.5,20.4,22,0,1.5,1.6,0,1,1
A0A337RZN4,17.3,17,17.7,17.7,0.4,0.7,0,0,0,0
Q28889,21.7,20.1,20.4,21.7,0,1.6,1.3,0,1,1
P79169,20.4,15.2,16.2,20.4,0,5.2,4.2,0,1,1
A0A5F5XC24,23.9,25.6,25.5,25.6,1.7,0,0.1,1,0,0
A0A337SQ55,21.3,14.8,15.2,21.3,0,6.5,6.1,0,1,1
A0A2I2U294,31.9,29.8,29.8,31.9,0,2.1,2.1,0,1,1
A0A5F5XVF5,21.6,23.2,22.6,23.2,1.6,0,0.6,1,0,0
A0A2I2UHH3,21.3,16.1,15.9,21.3,0,5.2,5.4,0,1,1
A0A337SC09,20.2,21.7,22.7,22.7,2.5,1,0,1,1,0
M3VXR1,27.2,24.1,24.3,27.2,0,3.1,2.9,0,1,1
A0A337SCP9,27.6,24.3,24.3,27.6,0,3.3,3.3,0,1,1
A0A337SM15,24.8,21.1,21.5,24.8,0,3.7,3.3,0,1,1
A0A5F5XLA0,21.4,19,19.1,21.4,0,2.4,2.3,0,1,1
A0A5F5XF56,20.2,19.5,19,20.2,0,0.7,1.2,0,0,1
A0A5F5Y768,20.3,21,21.1,21.1,0.8,0.1,0,0,0,0
M3VXK4,19.6,20.1,19.8,20.1,0.5,0,0.3,0,0,0
M3VUH3,23.3,22.5,22.9,23.3,0,0.8,0.4,0,0,0
A0A2I2U642,22.7,18.7,19.4,22.7,0,4,3.3,0,1,1
A0A2I2UVW3,25.8,22.7,22.8,25.8,0,3.1,3,0,1,1
M3VUG8,24.3,21.4,21.5,24.3,0,2.9,2.8,0,1,1
M3VUE5,22.6,20.5,20.6,22.6,0,2.1,2,0,1,1
E1AB55,25.2,21.5,21.8,25.2,0,3.7,3.4,0,1,1
M1RGZ2,17.9,19.4,18.4,19.4,1.5,0,1,1,0,0
M3VUF9,25.2,21.5,21.7,25.2,0,3.7,3.5,0,1,1
A0A337S538,24.4,20,20,24.4,0,4.4,4.4,0,1,1
M3VUG7,25.1,21.6,21.8,25.1,0,3.5,3.3,0,1,1
A0A5F5XKG5,25.6,22.7,22.7,25.6,0,2.9,2.9,0,1,1
M3WZD7,20.5,17.5,18.4,20.5,0,3,2.1,0,1,1
A0A5F5XMX8,19.4,15.3,15.7,19.4,0,4.1,3.7,0,1,1
A0A2I2U6T7,23.9,23.2,23.1,23.9,0,0.7,0.8,0,0,0
A0A337SDW1,21.5,21.7,18.1,21.7,0.2,0,3.6,0,0,1
A0A5F5XCK9,17.8,18.6,20.6,20.6,2.8,2,0,1,1,0
A0A5F5XQP4,25,17.7,17.9,25,0,7.3,7.1,0,1,1
A0A5F5XIU1,24.3,17.4,17.5,24.3,0,6.9,6.8,0,1,1
A0A5F5Y366,22.3,23,24.6,24.6,2.3,1.6,0,1,1,0
M3W292,23.9,24.2,23.2,24.2,0.3,0,1,0,0,0
M3WC88,17.5,17,17.7,17.7,0.2,0.7,0,0,0,0
M3WXS7,22.4,20.7,20.2,22.4,0,1.7,2.2,0,1,1
A0A337RYK1,19.8,13.7,12.5,19.8,0,6.1,7.3,0,1,1
A7XPK6,19.2,17.5,17,19.2,0,1.7,2.2,0,1,1
C6GGN9,24.6,20.6,21,24.6,0,4,3.6,0,1,1
A0A337STH0,28.5,22.3,22.6,28.5,0,6.2,5.9,0,1,1
A0A2I2V3S9,17.4,16.4,15.9,17.4,0,1,1.5,0,1,1
A0A5F5XSP5,22,21.4,21.1,22,0,0.6,0.9,0,0,0
A0A337SJA8,21.9,18.3,18.8,21.9,0,3.6,3.1,0,1,1
M3WXB6,20.6,19.6,17.9,20.6,0,1,2.7,0,1,1
A0A5F5Y0Z4,19.3,22.6,22.5,22.6,3.3,0,0.1,1,0,0
A0A5F5XKS1,21.2,23.2,23.3,23.3,2.1,0.1,0,1,0,0
M3XCK7,27.1,21,21.2,27.1,0,6.1,5.9,0,1,1
A0A2I2U572,21,20.6,19.5,21,0,0.4,1.5,0,0,1
A0A2I2UZG1,21.4,17.6,17.7,21.4,0,3.8,3.7,0,1,1
A0A337S8L1,20.3,17.2,17.8,20.3,0,3.1,2.5,0,1,1
A0A2I2U9C6,24,20,19.9,24,0,4,4.1,0,1,1
A0A2I2U4Z0,21.9,15.7,16.3,21.9,0,6.2,5.6,0,1,1
A0A337SRL4,22,18.8,18.1,22,0,3.2,3.9,0,1,1
A0A2I2UMV3,25.6,19.7,19.8,25.6,0,5.9,5.8,0,1,1
A0A5F5XUA4,15.1,17.6,16.7,17.6,2.5,0,0.9,1,0,0
M3WKX0,15.5,19.2,19.4,19.4,3.9,0.2,0,1,0,0
Q9N2C1,18.1,18.6,17.9,18.6,0.5,0,0.7,0,0,0
A0A337SEC0,21.3,21.2,21.5,21.5,0.2,0.3,0,0,0,0
A0A337S4Q5,21.9,22.4,22.3,22.4,0.5,0,0.1,0,0,0
A0A2I2U709,22.8,17.9,17.9,22.8,0,4.9,4.9,0,1,1
A0A337S0D5,20.5,18.8,19.2,20.5,0,1.7,1.3,0,1,1
M3W8K5,20.7,14.3,14.9,20.7,0,6.4,5.8,0,1,1
A0A5F5XGD3,24.5,25.6,25.3,25.6,1.1,0,0.3,1,0,0
A0A5F5XPV2,30.4,21.1,21.2,30.4,0,9.3,9.2,0,1,1
A0A5F5XQ31,30.3,22.1,22.3,30.3,0,8.2,8,0,1,1
A0A5F5XTW1,15,10.7,12.7,15,0,4.3,2.3,0,1,1
A0A5K1VP01,24.2,12.9,12.6,24.2,0,11.3,11.6,0,1,1
M3VU75,28.1,29.8,29.9,29.9,1.8,0.1,0,1,0,0
E5D2Z5,25.8,19.5,20.6,25.8,0,6.3,5.2,0,1,1
M3WJA1,29.8,17.5,17.5,29.8,0,12.3,12.3,0,1,1
A0A5F5XDG7,25.9,29.4,29.5,29.5,3.6,0.1,0,1,0,0
A0A5F5XG49,21.4,26.1,26,26.1,4.7,0,0.1,1,0,0
A0A337S803,22.5,26.9,27,27,4.5,0.1,0,1,0,0
A0A2I2U8D7,21.5,18.5,18.7,21.5,0,3,2.8,0,1,1
A0A2I2UMM1,20,18.6,18.9,20,0,1.4,1.1,0,1,1
A0A2I2UP08,23.1,27.5,27.3,27.5,4.4,0,0.2,1,0,0
M3WP64,19.3,18.3,18,19.3,0,1,1.3,0,1,1
A0A337S8S6,29.2,25.6,25.5,29.2,0,3.6,3.7,0,1,1
A0A5F5XMU9,18.5,19.3,19.1,19.3,0.8,0,0.2,0,0,0
A0A2I2UUI4,24.1,21,20.9,24.1,0,3.1,3.2,0,1,1
A0A337SVW6,21,17.7,17.2,21,0,3.3,3.8,0,1,1
A0A337RWP8,26.1,18.8,18.7,26.1,0,7.3,7.4,0,1,1
A0A2I2UV75,21.1,17.5,17.1,21.1,0,3.6,4,0,1,1
A0A5F5XV52,19.9,15.9,15.8,19.9,0,4,4.1,0,1,1
A0A2I2U4V9,18.8,12.3,12.6,18.8,0,6.5,6.2,0,1,1
M3X2R3,24.3,21.5,21.4,24.3,0,2.8,2.9,0,1,1
A0A5F5XVL7,25.1,18.8,19,25.1,0,6.3,6.1,0,1,1
A0A5F5XTD9,24.2,19.6,19.3,24.2,0,4.6,4.9,0,1,1
A0A5F5XKI3,22,18.5,18.6,22,0,3.5,3.4,0,1,1
A0A2I2UYB0,21.9,16.5,17.1,21.9,0,5.4,4.8,0,1,1
A0A337SM43,21.3,26.1,26.2,26.2,4.9,0.1,0,1,0,0
A0A337SE00,21.8,24.2,26.7,26.7,4.9,2.5,0,1,1,0
A0A2I2U006,19.9,14.1,12.6,19.9,0,5.8,7.3,0,1,1
A0A5F5XZS8,21.9,12.3,13.1,21.9,0,9.6,8.8,0,1,1
A0A5F5XT89,25.1,20.1,19.8,25.1,0,5,5.3,0,1,1
A0A2I2UKK1,28.1,28.7,28.9,28.9,0.8,0.2,0,0,0,0
A0A5F5XFU6,22.2,23.8,24,24,1.8,0.2,0,1,0,0
A0A2I2UT16,25.1,23.8,23.8,25.1,0,1.3,1.3,0,1,1
M3WBI8,20.3,16,17.3,20.3,0,4.3,3,0,1,1
M3W3Q0,21.1,19,16.9,21.1,0,2.1,4.2,0,1,1
A0A5F5XEY9,26.5,22.1,21.9,26.5,0,4.4,4.6,0,1,1
A0A2I2UXL4,22.2,25,26.2,26.2,4,1.2,0,1,1,0
A0A2I2U6J8,18.8,22.7,24.1,24.1,5.3,1.4,0,1,1,0
M3WVZ4,17,20.9,20.6,20.9,3.9,0,0.3,1,0,0
A0A2I2U232,23.5,23.4,23.6,23.6,0.1,0.2,0,0,0,0
A0A2I2U5B2,26.6,17.2,17.5,26.6,0,9.4,9.1,0,1,1
A0A2I2U227,30.5,23.2,23.7,30.5,0,7.3,6.8,0,1,1
A0A5F5XBZ0,21.3,17.8,18.2,21.3,0,3.5,3.1,0,1,1
A0A5F5Y107,20,19.2,19.4,20,0,0.8,0.6,0,0,0
A0A337SQ74,23.2,18,18.7,23.2,0,5.2,4.5,0,1,1
A0A5F5XCJ2,24.3,14.9,15.3,24.3,0,9.4,9,0,1,1
A0A5F5XZ26,26,16.4,16.7,26,0,9.6,9.3,0,1,1
A0A5F5XEP4,16.1,21,20.7,21,4.9,0,0.3,1,0,0
A0A2I2UIM4,22.1,19.1,19.7,22.1,0,3,2.4,0,1,1
A0A2I2UFN2,12.9,14.6,15.2,15.2,2.3,0.6,0,1,0,0
A0A5F5XD04,26.4,24.3,24.9,26.4,0,2.1,1.5,0,1,1
A0A2I2U7X7,21.8,20,19.8,21.8,0,1.8,2,0,1,1
A0A337S014,23.7,20.4,19.9,23.7,0,3.3,3.8,0,1,1
A0A2I2UYG1,19,16.5,17.3,19,0,2.5,1.7,0,1,1
A0A5F5XH25,21.8,16,17.4,21.8,0,5.8,4.4,0,1,1
A0A5F5XJG5,19,21.1,23,23,4,1.9,0,1,1,0
A0A5F5XI37,26.5,29.2,30,30,3.5,0.8,0,1,0,0
A0A337SF46,25,18.6,19.4,25,0,6.4,5.6,0,1,1
A0A5F5XQF5,20.6,17.9,17.4,20.6,0,2.7,3.2,0,1,1
A0A337S103,21.5,14.9,14.4,21.5,0,6.6,7.1,0,1,1
M3XB79,16.7,18.4,18.4,18.4,1.7,0,0,1,0,0
A0A2I2V287,22.2,14.6,14.8,22.2,0,7.6,7.4,0,1,1
A0A5F5XP31,18.5,10,10,18.5,0,8.5,8.5,0,1,1
A0A2I2UAR3,24.4,18.5,17.9,24.4,0,5.9,6.5,0,1,1
M3WFA5,19.5,19.6,20.2,20.2,0.7,0.6,0,0,0,0
M3WB92,23.1,20.6,20.5,23.1,0,2.5,2.6,0,1,1
A0A337S1P2,28.6,26.8,26.9,28.6,0,1.8,1.7,0,1,1
M3VU91,23.2,19.2,18.6,23.2,0,4,4.6,0,1,1
M3W5B5,30.2,26.9,26.7,30.2,0,3.3,3.5,0,1,1
A0A2I2UQB6,28.7,23.2,22.1,28.7,0,5.5,6.6,0,1,1
M3W2W3,22.6,25,25.2,25.2,2.6,0.2,0,1,0,0
A0A5F5Y4L2,21.8,20.4,20.3,21.8,0,1.4,1.5,0,1,1
M3X588,18.8,16.1,17.9,18.8,0,2.7,0.9,0,1,0
M3X167,23.5,15.7,16.2,23.5,0,7.8,7.3,0,1,1
M3W4V0,21.7,16.9,17,21.7,0,4.8,4.7,0,1,1
M3X2H7,21.7,16.9,17,21.7,0,4.8,4.7,0,1,1
A0A2I2V4D2,20.9,12.8,15.2,20.9,0,8.1,5.7,0,1,1
A0A2I2UKX6,25.9,19.8,19.8,25.9,0,6.1,6.1,0,1,1
A0A5F5XMF4,20.5,15.1,16,20.5,0,5.4,4.5,0,1,1
A0A5F5XBY8,15.3,16.1,16,16.1,0.8,0,0.1,0,0,0
A0A337S431,25.7,20,19.7,25.7,0,5.7,6,0,1,1
A0A337S8E4,20.4,14.1,14.8,20.4,0,6.3,5.6,0,1,1
A0A140CWF2,23.3,19.9,20.4,23.3,0,3.4,2.9,0,1,1
A0A2I2UXX3,28,22.4,22.2,28,0,5.6,5.8,0,1,1
A0A2I2V3V6,29.5,23.6,25.3,29.5,0,5.9,4.2,0,1,1
A0A5F5XC36,26.2,18.2,18.5,26.2,0,8,7.7,0,1,1
A0A2I2U619,20.8,23,23.2,23.2,2.4,0.2,0,1,0,0
A0A337SJ42,29.1,19.8,19.3,29.1,0,9.3,9.8,0,1,1
M3VTY7,19.1,15.9,15.9,19.1,0,3.2,3.2,0,1,1
M3VU52,15.8,16.1,15.6,16.1,0.3,0,0.5,0,0,0
M3WY30,19.2,15.9,15.4,19.2,0,3.3,3.8,0,1,1
A0A2I2U035,19.4,13.2,14.4,19.4,0,6.2,5,0,1,1
A0A2I2UP64,21.9,20.5,20.5,21.9,0,1.4,1.4,0,1,1
A0A2I2UCN9,17,16.5,15.9,17,0,0.5,1.1,0,0,1
M3VUP6,29,20.1,20.7,29,0,8.9,8.3,0,1,1
A0A2I2UY37,18.4,10.3,10.6,18.4,0,8.1,7.8,0,1,1
A0A337SQ63,24.7,19.2,19.6,24.7,0,5.5,5.1,0,1,1
A0A5F5Y426,24.7,24.7,25.3,25.3,0.6,0.6,0,0,0,0
A0A5F5XC46,10.5,18.7,10.8,18.7,8.2,0,7.9,1,0,1
A0A5F5Y2G5,22.1,20.7,20.2,22.1,0,1.4,1.9,0,1,1
M3WBE5,19.7,16.6,16,19.7,0,3.1,3.7,0,1,1
A0A5F5XUG7,19,15.9,16.1,19,0,3.1,2.9,0,1,1
A0A2I2UJS0,17.9,17.1,17.7,17.9,0,0.8,0.2,0,0,0
O46432,25.5,25.8,27,27,1.5,1.2,0,1,1,0
A0A337RVS9,23.3,23.3,22.3,23.3,0,0,1,0,0,0
A0A337SHI7,21.7,17.6,17.6,21.7,0,4.1,4.1,0,1,1
A0A337S396,16.5,18.2,17.9,18.2,1.7,0,0.3,1,0,0
A0A337S9V8,17.9,18.5,19,19,1.1,0.5,0,1,0,0
M3WAB7,21,18.3,15.8,21,0,2.7,5.2,0,1,1
M3XB86,20.7,21.1,21,21.1,0.4,0,0.1,0,0,0
A0A2I2UHZ6,21.3,22,22.4,22.4,1.1,0.4,0,1,0,0
A0A337S8F8,26.5,20.7,20.6,26.5,0,5.8,5.9,0,1,1
A0A5F5Y096,20.1,20.7,20.7,20.7,0.6,0,0,0,0,0
A0A2I2UI11,19.9,21.3,20.7,21.3,1.4,0,0.6,1,0,0
A0A5F5XHB5,21.1,20.2,21,21.1,0,0.9,0.1,0,0,0
Q7YRU4,24.1,21.6,21.3,24.1,0,2.5,2.8,0,1,1
K0J107,17.1,10.3,10.7,17.1,0,6.8,6.4,0,1,1
A0A337S3Q9,20.1,16.2,16.1,20.1,0,3.9,4,0,1,1
A0A2I2UC58,23.9,19.8,19.7,23.9,0,4.1,4.2,0,1,1
M3W126,26,26.8,27.7,27.7,1.7,0.9,0,1,0,0
M3WB64,26,17.6,18.6,26,0,8.4,7.4,0,1,1
A0A5F5Y369,16.6,17.1,17.2,17.2,0.6,0.1,0,0,0,0
M3XFR1,21.7,19.7,21.5,21.7,0,2,0.2,0,1,0
A0A337SHC5,19.8,22.8,21.7,22.8,3,0,1.1,1,0,1
M3XGE7,20.8,21.6,20.6,21.6,0.8,0,1,0,0,0
A0A5F5XE10,25.7,21.7,22.5,25.7,0,4,3.2,0,1,1
A0A2I2UXR9,26.6,24.5,23.8,26.6,0,2.1,2.8,0,1,1
A0A341ZMF3,24,22.6,22.6,24,0,1.4,1.4,0,1,1
A0A2I2V3J5,19.4,21.3,21,21.3,1.9,0,0.3,1,0,0
A0A2I2UBB6,19.8,15.3,15.3,19.8,0,4.5,4.5,0,1,1
A0A337RWW9,23,18.8,18.3,23,0,4.2,4.7,0,1,1
A0A5F5XNZ1,24.1,23.1,22.7,24.1,0,1,1.4,0,1,1
M3WPV6,23.5,17.2,17.2,23.5,0,6.3,6.3,0,1,1
A0A5F5XHI0,21,15.6,16.6,21,0,5.4,4.4,0,1,1
A0A337S3R5,20.8,18.7,18.8,20.8,0,2.1,2,0,1,1
M3WV39,19.5,19.7,19.9,19.9,0.4,0.2,0,0,0,0
A0A5F5XFE9,16,11,10.5,16,0,5,5.5,0,1,1
A0A337SXF4,25.4,22,22.2,25.4,0,3.4,3.2,0,1,1
A0A5F5XYE2,14.8,17.2,17.6,17.6,2.8,0.4,0,1,0,0
A0A337S0K7,15.4,18.2,18.3,18.3,2.9,0.1,0,1,0,0
P55032,16.6,15.7,17.4,17.4,0.8,1.7,0,0,1,0
A0A5F5Y5F5,23.2,18.5,15.1,23.2,0,4.7,8.1,0,1,1
A0A3S6CJJ2,23.9,18.1,18,23.9,0,5.8,5.9,0,1,1
M3WI37,23.5,17.9,18.5,23.5,0,5.6,5,0,1,1
A0A5F5XUK2,12.8,12.1,12.3,12.8,0,0.7,0.5,0,0,0
A0A337SLC9,18.4,15.6,15.8,18.4,0,2.8,2.6,0,1,1
M3WCF8,21,15.5,15.6,21,0,5.5,5.4,0,1,1
A0A337S4A6,21.4,14.2,17.3,21.4,0,7.2,4.1,0,1,1
A0A337S0Y0,26,23.8,23,26,0,2.2,3,0,1,1
A0A2I2UHE7,20.5,14.4,13.8,20.5,0,6.1,6.7,0,1,1
M3WFQ7,27.2,20.7,21.3,27.2,0,6.5,5.9,0,1,1
A0A5F5XC23,16.1,14.4,13.5,16.1,0,1.7,2.6,0,1,1
A0A2I2V193,18.3,15.1,15.2,18.3,0,3.2,3.1,0,1,1
M3WE80,20.1,17.7,17.1,20.1,0,2.4,3,0,1,1
A0A337SNX4,23.9,22.4,23.6,23.9,0,1.5,0.3,0,1,0
M3WJI8,20.1,19.8,20.3,20.3,0.2,0.5,0,0,0,0
A0A2I2UAP2,22.5,21.9,22.4,22.5,0,0.6,0.1,0,0,0
M3WPT7,16.6,18.9,19.2,19.2,2.6,0.3,0,1,0,0
A0A2I2UW30,23.3,16.5,17.2,23.3,0,6.8,6.1,0,1,1
A0A337SL83,20.5,19.3,19.4,20.5,0,1.2,1.1,0,1,1
A0A337S8H7,29.5,20.3,20.4,29.5,0,9.2,9.1,0,1,1
A0A337SH59,25.5,18.5,19.3,25.5,0,7,6.2,0,1,1
A0A2I2U1C5,22.8,20.9,21.3,22.8,0,1.9,1.5,0,1,1
A0A2I2UHR0,18.4,18.5,18.5,18.5,0.1,0,0,0,0,0
A0A2I2U033,17.7,13.6,14,17.7,0,4.1,3.7,0,1,1
A0A337S3Q0,24.6,20,20.2,24.6,0,4.6,4.4,0,1,1
A0A5F5XC70,16.6,17.2,18.3,18.3,1.7,1.1,0,1,1,0
Q594P2,24.8,20,20,24.8,0,4.8,4.8,0,1,1
A0A2I2V455,30.9,20.6,21,30.9,0,10.3,9.9,0,1,1
A0A5F5XU62,21.8,15.8,16.3,21.8,0,6,5.5,0,1,1
M3WFH8,25.6,21.1,21.7,25.6,0,4.5,3.9,0,1,1
A0A337S914,18.1,19.4,19.5,19.5,1.4,0.1,0,1,0,0
A0A5F5XWA2,29.7,18.8,18.3,29.7,0,10.9,11.4,0,1,1
A0A2I2UVF9,26.2,19.9,20.3,26.2,0,6.3,5.9,0,1,1
A0A2I2UJV2,24.6,24.7,25.6,25.6,1,0.9,0,1,0,0
A0A337S4H2,20.4,19.3,19.2,20.4,0,1.1,1.2,0,1,1
A0A2I2V0Y5,25.9,21.3,21.4,25.9,0,4.6,4.5,0,1,1
A0A337S9P8,22.4,23.5,24.9,24.9,2.5,1.4,0,1,1,0
M3VZX9,20.6,18,16.4,20.6,0,2.6,4.2,0,1,1
A0A5F5Y4C0,18.7,10.9,11,18.7,0,7.8,7.7,0,1,1
A0A337RZV6,21.7,18.7,18.9,21.7,0,3,2.8,0,1,1
A0A5F5XXT2,27.1,21,21.4,27.1,0,6.1,5.7,0,1,1
A0A2I2U0E6,20.9,17.8,18.4,20.9,0,3.1,2.5,0,1,1
A0A5F5XLH0,26.1,19.8,19.5,26.1,0,6.3,6.6,0,1,1
A0A2I2UX82,24.5,19.3,18.6,24.5,0,5.2,5.9,0,1,1
A0A337S1S7,24.9,23.9,23.7,24.9,0,1,1.2,0,1,1
A0A2I2UTR9,22.4,20.6,20.1,22.4,0,1.8,2.3,0,1,1
M3X3Z7,21.8,19.2,18.3,21.8,0,2.6,3.5,0,1,1
A0A2I2UTY5,20.7,18.2,18.5,20.7,0,2.5,2.2,0,1,1
A0A337SBE9,24.4,20,21.6,24.4,0,4.4,2.8,0,1,1
A0A2I2UP60,25.4,23.1,23,25.4,0,2.3,2.4,0,1,1
A0A2I2U5Z9,25.1,20.3,20.9,25.1,0,4.8,4.2,0,1,1
A0A337SCS7,25.2,23,21.8,25.2,0,2.2,3.4,0,1,1
A0A337SMW2,23.7,19.7,19.9,23.7,0,4,3.8,0,1,1
A0A337S9P2,19.2,12.7,14.6,19.2,0,6.5,4.6,0,1,1
A0A5F5XC25,22,17.5,17.1,22,0,4.5,4.9,0,1,1
A0A2I2U4B5,19.5,16.2,16.3,19.5,0,3.3,3.2,0,1,1
M3X077,22.3,20.5,15.9,22.3,0,1.8,6.4,0,1,1
A0A2I2U0T9,20.2,17,16.3,20.2,0,3.2,3.9,0,1,1
A0A2I2UCH5,20.9,16.4,16.6,20.9,0,4.5,4.3,0,1,1
A0A2I2U310,21.3,17.1,17,21.3,0,4.2,4.3,0,1,1
M3X1L5,27.3,22.6,22.2,27.3,0,4.7,5.1,0,1,1
M3X5Z4,16.7,14,12.7,16.7,0,2.7,4,0,1,1
M3VXB4,15.2,10,14.4,15.2,0,5.2,0.8,0,1,0
A0A337S3Z8,17.8,14.7,15.3,17.8,0,3.1,2.5,0,1,1
A0A2I2UZY7,21.5,16,16,21.5,0,5.5,5.5,0,1,1
A0A337SMV4,21.6,20.6,20,21.6,0,1,1.6,0,1,1
A0A2I2U1J3,15.6,17.7,16.2,17.7,2.1,0,1.5,1,0,1
M3WN87,22.4,26.6,26.5,26.6,4.2,0,0.1,1,0,0
A0A2I2UU92,18.2,15.9,16.2,18.2,0,2.3,2,0,1,1
A0A337SMY8,17.7,16,15.5,17.7,0,1.7,2.2,0,1,1
A0A337S9F6,16.4,14.9,12,16.4,0,1.5,4.4,0,1,1
A0A5F5XIM5,19.6,21.1,21.7,21.7,2.1,0.6,0,1,0,0
A0A2I2UUB3,22.5,21.1,20.5,22.5,0,1.4,2,0,1,1
A0A2I2U1I4,21.7,15.3,16.2,21.7,0,6.4,5.5,0,1,1
M3W064,25.9,22,22,25.9,0,3.9,3.9,0,1,1
A0A2I2UTH6,22.1,19.9,20,22.1,0,2.2,2.1,0,1,1
A0A2I2UU60,21.3,17.4,17.2,21.3,0,3.9,4.1,0,1,1
A0A2I2ULA8,19.9,16.4,17.8,19.9,0,3.5,2.1,0,1,1
M3X0F5,25.4,20,20.5,25.4,0,5.4,4.9,0,1,1
A0A2I2ULL1,18.4,19,19.1,19.1,0.7,0.1,0,0,0,0
A0A2I2U0A2,22.8,22.1,21.9,22.8,0,0.7,0.9,0,0,0
M3WPJ4,16.3,15.6,16.8,16.8,0.5,1.2,0,0,1,0
M3VVG9,22.6,21.9,22.3,22.6,0,0.7,0.3,0,0,0
A0A337S4Z9,20.9,18.5,18.2,20.9,0,2.4,2.7,0,1,1
A0A337RWR2,20.4,16.9,17.5,20.4,0,3.5,2.9,0,1,1
A0A2I2UMJ9,22.5,19.3,19.7,22.5,0,3.2,2.8,0,1,1
A0A2I2UD00,17.9,13,13.8,17.9,0,4.9,4.1,0,1,1
A0A5F5Y561,22.5,19.3,19.2,22.5,0,3.2,3.3,0,1,1
A0A337SC03,19.5,19.3,19,19.5,0,0.2,0.5,0,0,0
M3XCN6,19.5,18.8,19.1,19.5,0,0.7,0.4,0,0,0
A0A337S9L8,21.1,18.9,19.3,21.1,0,2.2,1.8,0,1,1
M3WHA5,20.6,20.4,20.3,20.6,0,0.2,0.3,0,0,0
B0LSW3,21.3,19.1,19.4,21.3,0,2.2,1.9,0,1,1
M3WEF4,16.4,18.5,19.2,19.2,2.8,0.7,0,1,0,0
A0A337S9K0,22.6,20.9,21,22.6,0,1.7,1.6,0,1,1
A0A2I2UHQ6,24.6,20.3,20.2,24.6,0,4.3,4.4,0,1,1
A0A5F5XQL5,20.5,17,16.9,20.5,0,3.5,3.6,0,1,1
M3WYR7,19.4,15.6,15.8,19.4,0,3.8,3.6,0,1,1
A0A337STF2,22.2,18,18.1,22.2,0,4.2,4.1,0,1,1
A0A5F5XDU4,22.9,20.3,20.1,22.9,0,2.6,2.8,0,1,1
A0A5F5XDD6,21.4,18.4,18.8,21.4,0,3,2.6,0,1,1
A0A2I2U3P8,18.4,14.2,14.5,18.4,0,4.2,3.9,0,1,1
M3WBC6,21.9,17.7,18.1,21.9,0,4.2,3.8,0,1,1
A0A2I2UWU3,28.3,26.2,26.1,28.3,0,2.1,2.2,0,1,1
A0A337SKM2,17.4,15.9,15.1,17.4,0,1.5,2.3,0,1,1
A0A5F5XH49,19,16.1,16.3,19,0,2.9,2.7,0,1,1
A0A5F5XE18,22.5,19.4,19.2,22.5,0,3.1,3.3,0,1,1
A0A5F5XK05,26.6,24.3,24.2,26.6,0,2.3,2.4,0,1,1
M3W6K9,21.3,18.4,17.9,21.3,0,2.9,3.4,0,1,1
A0A5F5Y2C4,20.7,16.1,17.2,20.7,0,4.6,3.5,0,1,1
A0A337SNW6,13.7,21.7,22,22,8.3,0.3,0,1,0,0
M3WSQ5,14.5,15.9,16.7,16.7,2.2,0.8,0,1,0,0
A0A2I2UD44,25.2,26.3,26,26.3,1.1,0,0.3,1,0,0
A0A5F5Y1P9,25.3,25.3,24.5,25.3,0,0,0.8,0,0,0
M3XG34,20.6,16.4,17,20.6,0,4.2,3.6,0,1,1
M3VVR5,16.1,15.6,13.6,16.1,0,0.5,2.5,0,0,1
W5LV43,23.8,15.7,15.8,23.8,0,8.1,8,0,1,1
A0A5F5XER7,20.3,20.3,19,20.3,0,0,1.3,0,0,1
K7S0M4,20.2,18.8,19.2,20.2,0,1.4,1,0,1,0
M3WAV8,19.5,16,16.7,19.5,0,3.5,2.8,0,1,1
M3W0P6,22.1,15.4,15.9,22.1,0,6.7,6.2,0,1,1
M3WFY4,21.1,18.2,16.1,21.1,0,2.9,5,0,1,1
M3W668,21.1,19.4,19,21.1,0,1.7,2.1,0,1,1
M3W9X1,18.8,16.2,16.2,18.8,0,2.6,2.6,0,1,1
A0A2I2UBZ5,25.5,21.6,22.2,25.5,0,3.9,3.3,0,1,1
A0A5F5XK30,22.3,17.3,17.2,22.3,0,5,5.1,0,1,1
M3WVN7,19.3,15.7,15.7,19.3,0,3.6,3.6,0,1,1
A0A2I2ULZ1,25,20.1,20.3,25,0,4.9,4.7,0,1,1
A0A337RYP8,19.5,19.2,19.2,19.5,0,0.3,0.3,0,0,0
A0A2I2V340,23.9,22.9,22.5,23.9,0,1,1.4,0,1,1
A0A5F5XCK4,20.7,19.3,19.1,20.7,0,1.4,1.6,0,1,1
A0A2I2U2M1,21.9,21.4,21.7,21.9,0,0.5,0.2,0,0,0
M3WEL8,21.9,20.1,20.4,21.9,0,1.8,1.5,0,1,1
A0A337S381,20,13.2,13.5,20,0,6.8,6.5,0,1,1
A0A337S2Y5,19.6,18,17.6,19.6,0,1.6,2,0,1,1
A0A5F5XZL7,22.4,15.5,15.4,22.4,0,6.9,7,0,1,1
M3X9S4,19,12.2,11.9,19,0,6.8,7.1,0,1,1
A0A5F5XK20,19.8,18.1,18.6,19.8,0,1.7,1.2,0,1,1
M3WJN8,18.8,15.4,15.6,18.8,0,3.4,3.2,0,1,1
A0A2I2UJH0,23.3,19,19.1,23.3,0,4.3,4.2,0,1,1
M3X166,19.3,10.3,10,19.3,0,9,9.3,0,1,1
M3WZT2,14.4,17.6,18.8,18.8,4.4,1.2,0,1,1,0
M3WJ85,21.6,24.6,24.5,24.6,3,0,0.1,1,0,0
M3X816,24.5,19.8,19.9,24.5,0,4.7,4.6,0,1,1
A0A2I2V147,19.1,19.3,19.6,19.6,0.5,0.3,0,0,0,0
A0A2I2UJP1,24.1,18.6,18.5,24.1,0,5.5,5.6,0,1,1
M3WXF2,21.7,18.8,18.3,21.7,0,2.9,3.4,0,1,1
A0A5F5XJM9,24.9,21.1,21.4,24.9,0,3.8,3.5,0,1,1
A0A337SF63,19.3,16.2,19.2,19.3,0,3.1,0.1,0,1,0
M3W5Z6,30.4,25.4,25.7,30.4,0,5,4.7,0,1,1
A0A337S1V9,28.3,17,16.9,28.3,0,11.3,11.4,0,1,1
M3VWF4,26.2,13.7,13.7,26.2,0,12.5,12.5,0,1,1
M3X4Z4,19.8,22.5,24.4,24.4,4.6,1.9,0,1,1,0
A0A337SBR4,26.6,19.8,20.3,26.6,0,6.8,6.3,0,1,1
A0A337SAH5,22.7,17.9,19,22.7,0,4.8,3.7,0,1,1
A0A5F5XE98,19.8,17,16.4,19.8,0,2.8,3.4,0,1,1
A0A337RYU6,19.9,18.8,18.6,19.9,0,1.1,1.3,0,1,1
M3X3Z1,21.4,21.5,19.9,21.5,0.1,0,1.6,0,0,1
A0A337RYI0,18.8,18.2,19.2,19.2,0.4,1,0,0,1,0
P11979,22.9,20.8,20.7,22.9,0,2.1,2.2,0,1,1
M3X3D3,24.4,23.1,23.5,24.4,0,1.3,0.9,0,1,0
A0A5F5XCP1,20.2,22.4,22.4,22.4,2.2,0,0,1,0,0
A0A337S474,30.5,21.8,21.3,30.5,0,8.7,9.2,0,1,1
A0A337S388,22.4,17.6,18.3,22.4,0,4.8,4.1,0,1,1
A0A2I2UDS4,26.7,23.8,23.3,26.7,0,2.9,3.4,0,1,1
A0A5F5XE59,23.5,20.3,20.1,23.5,0,3.2,3.4,0,1,1
M3X3T9,27.4,28,28,28,0.6,0,0,0,0,0
M3VU17,17.9,17.4,17.1,17.9,0,0.5,0.8,0,0,0
A0A2I2UIC2,21.8,20.3,20.8,21.8,0,1.5,1,0,1,0
A0A2I2U3Y6,20.2,22.6,21.3,22.6,2.4,0,1.3,1,0,1
M3WCF9,20.5,18.2,18.8,20.5,0,2.3,1.7,0,1,1
A0A337SP16,21.9,20.5,20.4,21.9,0,1.4,1.5,0,1,1
A0A5F5Y1Y2,21,16.6,17.4,21,0,4.4,3.6,0,1,1
M3WG01,24.4,21.7,21.9,24.4,0,2.7,2.5,0,1,1
M3VU38,18.8,18.8,18.4,18.8,0,0,0.4,0,0,0
M3WKB5,23.3,18.3,18.3,23.3,0,5,5,0,1,1
M3W6S5,14.2,12,12.3,14.2,0,2.2,1.9,0,1,1
A0A5F5XX38,20.5,19.1,19.6,20.5,0,1.4,0.9,0,1,0
A0A5F5XE19,25.4,21.5,21.6,25.4,0,3.9,3.8,0,1,1
A0A2I2UU74,24.4,29.8,29.9,29.9,5.5,0.1,0,1,0,0
M3WTQ9,21.4,22.4,22.5,22.5,1.1,0.1,0,1,0,0
A0A5F5XSY1,22,24.3,27.2,27.2,5.2,2.9,0,1,1,0
A0A0A0MPZ9,21.3,17.3,17.8,21.3,0,4,3.5,0,1,1
Q8HXS3,23.5,21.8,22.1,23.5,0,1.7,1.4,0,1,1
A0A2I2UBH3,22,20.3,19.9,22,0,1.7,2.1,0,1,1
A0A2I2V3I6,22,17.3,16.5,22,0,4.7,5.5,0,1,1
A0A2I2V4A6,16.5,16.9,16.5,16.9,0.4,0,0.4,0,0,0
A0A2I2V332,18.6,22.6,17.7,22.6,4,0,4.9,1,0,1
A0A337SU18,19.3,14.5,14.9,19.3,0,4.8,4.4,0,1,1
A0A5F5XW18,19.7,20.2,19.5,20.2,0.5,0,0.7,0,0,0
A0A2I2UW10,24,21,21.2,24,0,3,2.8,0,1,1
A0A2I2UQ65,23.8,20.3,20.9,23.8,0,3.5,2.9,0,1,1
A0A2I2UZE5,23.6,22,22.4,23.6,0,1.6,1.2,0,1,1
M3VUU2,18.9,19.7,21,21,2.1,1.3,0,1,1,0
A0A337SIG9,23.1,23,23.5,23.5,0.4,0.5,0,0,0,0
A0A5F5XXB7,26.6,21.1,21,26.6,0,5.5,5.6,0,1,1
A0A5F5XS51,16.8,15.3,14,16.8,0,1.5,2.8,0,1,1
M3X1J5,21.7,18.5,18.5,21.7,0,3.2,3.2,0,1,1
A0A2I2UL25,24.2,21,21,24.2,0,3.2,3.2,0,1,1
A0A337S4R1,16.4,16.5,14.7,16.5,0.1,0,1.8,0,0,1
M3W340,20.8,18.5,19.4,20.8,0,2.3,1.4,0,1,1
O18754,25.5,18.8,19,25.5,0,6.7,6.5,0,1,1
Q28412,21.4,23.7,23.7,23.7,2.3,0,0,1,0,0
A0A337SJB3,24.5,23.5,23.4,24.5,0,1,1.1,0,1,1
A0A5F5XMS8,25.4,20.1,19.5,25.4,0,5.3,5.9,0,1,1
A0A2I2U9S5,22.9,22.4,20.7,22.9,0,0.5,2.2,0,0,1
M3WDQ9,24.3,24.8,24.8,24.8,0.5,0,0,0,0,0
A0A2I2USJ0,25.5,27.2,26.6,27.2,1.7,0,0.6,1,0,0
A0A5F5XIU4,21.5,22,20,22,0.5,0,2,0,0,1
A0A5F5XCK5,17.2,14.5,12.8,17.2,0,2.7,4.4,0,1,1
A0A5F5XUE5,23.7,19.2,19.2,23.7,0,4.5,4.5,0,1,1
A0A337RTP4,23.9,20.1,19.5,23.9,0,3.8,4.4,0,1,1
M3W107,19.5,17,15.8,19.5,0,2.5,3.7,0,1,1
A0A5F5XEN1,20.9,18.9,19.3,20.9,0,2,1.6,0,1,1
A0A5F5XKF7,26.6,18.8,18.5,26.6,0,7.8,8.1,0,1,1
A0A5F5XI47,30.6,21.8,22.3,30.6,0,8.8,8.3,0,1,1
A0A2I2UM62,24.7,18.6,18.9,24.7,0,6.1,5.8,0,1,1
M3WF05,12.2,19,19.2,19.2,7,0.2,0,1,0,0
A0A5F5XCX3,24,23.3,23.3,24,0,0.7,0.7,0,0,0
A0A2I2V2W1,15.7,20,20.2,20.2,4.5,0.2,0,1,0,0
M3XAA2,15.7,20.6,20.7,20.7,5,0.1,0,1,0,0
A0A337SD26,18.5,20.9,19.7,20.9,2.4,0,1.2,1,0,1
A0A337S5C8,20,20.4,20.6,20.6,0.6,0.2,0,0,0,0
A0A337SKX0,18,19.3,19.5,19.5,1.5,0.2,0,1,0,0
A0A337SNJ1,17.6,18.5,18.4,18.5,0.9,0,0.1,0,0,0
A0A2D0UF31,20.3,19.2,19.4,20.3,0,1.1,0.9,0,1,0
A0A337SVW8,13.1,16.7,16.9,16.9,3.8,0.2,0,1,0,0
A0A337S4A1,19.6,22.5,22.8,22.8,3.2,0.3,0,1,0,0
M3W006,17.4,20.3,20.4,20.4,3,0.1,0,1,0,0
A0A5F5XFT3,23.1,22.3,22.2,23.1,0,0.8,0.9,0,0,0
A0A5F5XQW5,15.8,21,21.3,21.3,5.5,0.3,0,1,0,0
A0A2D0UJY9,23.1,23,22.9,23.1,0,0.1,0.2,0,0,0
A0A5F5XNT6,18.5,18.3,18.1,18.5,0,0.2,0.4,0,0,0
A0A2D0UF13,17.6,19.4,19.6,19.6,2,0.2,0,1,0,0
A0A337SNC1,20.2,19.3,19.7,20.2,0,0.9,0.5,0,0,0
A0A2I2U3F3,20.2,20.1,20.2,20.2,0,0.1,0,0,0,0
M3WKX9,18.4,19.5,19.5,19.5,1.1,0,0,1,0,0
A0A2D0UUN5,19.3,20.8,20.9,20.9,1.6,0.1,0,1,0,0
M3W4B6,16.3,13.9,15.9,16.3,0,2.4,0.4,0,1,0
A0A337SNE1,20.7,20.4,21.2,21.2,0.5,0.8,0,0,0,0
Q29487,27.4,20.7,20.7,27.4,0,6.7,6.7,0,1,1
A0A2I2UXS9,20.2,13.1,12,20.2,0,7.1,8.2,0,1,1
M3VXN4,23.4,20.6,21.2,23.4,0,2.8,2.2,0,1,1
A0A2I2V040,15.1,16.1,16.6,16.6,1.5,0.5,0,1,0,0
A0A337SBR8,20.7,16.1,15.1,20.7,0,4.6,5.6,0,1,1
A0A337S1R3,20.9,16.5,16.7,20.9,0,4.4,4.2,0,1,1
A0A337RYS5,25.1,22,22.2,25.1,0,3.1,2.9,0,1,1
A0A2I2UTT3,24.2,21.1,21.4,24.2,0,3.1,2.8,0,1,1
A0A337S5F4,25.2,21.2,21.3,25.2,0,4,3.9,0,1,1
A0A5F5XBP3,19.6,20.9,21,21,1.4,0.1,0,1,0,0
A0A337RY95,22.9,21.6,20.6,22.9,0,1.3,2.3,0,1,1
A0A2I2URE9,16.7,16,15.7,16.7,0,0.7,1,0,0,0
A0A337S6M3,18.7,21.1,21.1,21.1,2.4,0,0,1,0,0
A0A337SCB7,20.4,18.2,17.7,20.4,0,2.2,2.7,0,1,1
A0A337SQ52,22.3,18.9,19.2,22.3,0,3.4,3.1,0,1,1
A0A2I2UHS4,18,17.4,16.7,18,0,0.6,1.3,0,0,1
M3W8T7,18.9,19.6,20.4,20.4,1.5,0.8,0,1,0,0
A0A2I2UQ14,21.9,22.9,20.5,22.9,1,0,2.4,1,0,1
A0A5F5XPQ2,15.8,17.3,16.8,17.3,1.5,0,0.5,1,0,0
M3WST2,25.3,23,23.2,25.3,0,2.3,2.1,0,1,1
M3WH13,20.7,20.9,20.9,20.9,0.2,0,0,0,0,0
A0A5F5Y4S8,22.1,19.4,19.4,22.1,0,2.7,2.7,0,1,1
A0A2I2UE17,25.7,22.7,22.7,25.7,0,3,3,0,1,1
A0A5F5XH70,20.7,20.2,20.5,20.7,0,0.5,0.2,0,0,0
A0A5F5XXR7,23.6,22.7,23.1,23.6,0,0.9,0.5,0,0,0
A0A337S2P7,19.2,19.1,19.2,19.2,0,0.1,0,0,0,0
M3WTD7,19.1,15.5,14.9,19.1,0,3.6,4.2,0,1,1
A0A2I2UQJ5,21.8,19.8,19.4,21.8,0,2,2.4,0,1,1
A0A2I2UAX8,17.7,17.6,17.1,17.7,0,0.1,0.6,0,0,0
A0A2I2U095,22.1,16.5,16.6,22.1,0,5.6,5.5,0,1,1
M3VYK6,21,19.2,18.5,21,0,1.8,2.5,0,1,1
A0A2I2UAA6,20.3,14.3,13.1,20.3,0,6,7.2,0,1,1
A0A5F5XRP9,19.8,16.3,17.8,19.8,0,3.5,2,0,1,1
A0A337SHI5,20.8,23.1,23.8,23.8,3,0.7,0,1,0,0
A0A337SSM4,19.2,16.9,16.9,19.2,0,2.3,2.3,0,1,1
M3VXZ7,20.1,20.3,20.4,20.4,0.3,0.1,0,0,0,0
A0A337SFP3,19.2,17.7,17.1,19.2,0,1.5,2.1,0,1,1
M3WRD9,18.9,11.8,12.9,18.9,0,7.1,6,0,1,1
A0A2I2UMT8,22.1,16.5,16.6,22.1,0,5.6,5.5,0,1,1
A0A337SNI2,22.9,20.9,21,22.9,0,2,1.9,0,1,1
M3WAZ7,19.3,13,12.8,19.3,0,6.3,6.5,0,1,1
M3WXV4,18.8,16.7,17.7,18.8,0,2.1,1.1,0,1,1
M3X4J3,21.7,19.5,18.8,21.7,0,2.2,2.9,0,1,1
A0A2I2UBH5,16.3,16.3,17.8,17.8,1.5,1.5,0,1,1,0
A0A2I2UHV5,18.1,19.5,19.4,19.5,1.4,0,0.1,1,0,0
A0A2I2UGF8,20.3,18.9,20.3,20.3,0,1.4,0,0,1,0
M5AXY1,24.9,26.8,26.7,26.8,1.9,0,0.1,1,0,0
A0A337S713,23.8,13.9,13.6,23.8,0,9.9,10.2,0,1,1
M3VTY8,21,18,18.1,21,0,3,2.9,0,1,1
A0A2I2U2A3,25.5,21.9,22.2,25.5,0,3.6,3.3,0,1,1
A0A2I2UJB3,19.1,17.3,16.7,19.1,0,1.8,2.4,0,1,1
A0A5F5XK46,21.5,23.2,23.4,23.4,1.9,0.2,0,1,0,0
A0A1E1FFM2,21.1,20.2,19.7,21.1,0,0.9,1.4,0,0,1
M3VZA9,20.3,13.6,13.2,20.3,0,6.7,7.1,0,1,1
M3WNP8,18.7,17.6,17.2,18.7,0,1.1,1.5,0,1,1
A0A337S746,23.7,14.6,15.3,23.7,0,9.1,8.4,0,1,1
A0A337SCF8,23.9,19,18,23.9,0,4.9,5.9,0,1,1
A0A5F5XYD7,16.1,14.1,13.7,16.1,0,2,2.4,0,1,1
A0A337SGN2,22.8,16.3,15.4,22.8,0,6.5,7.4,0,1,1
A0A2I2V4L0,18.6,13,15,18.6,0,5.6,3.6,0,1,1
A0A337SD93,16.3,12.5,11.2,16.3,0,3.8,5.1,0,1,1
M3WHT7,20,13.2,13.8,20,0,6.8,6.2,0,1,1
A0A5F5XH32,21.4,20,19.4,21.4,0,1.4,2,0,1,1
M3WU80,19.6,17.9,17.9,19.6,0,1.7,1.7,0,1,1
A0A2I2UTY4,21.3,17,18,21.3,0,4.3,3.3,0,1,1
A0A2I2UD52,23.1,19.1,19.4,23.1,0,4,3.7,0,1,1
A0A5F5Y3Z8,27,16.9,18,27,0,10.1,9,0,1,1
A0A337SES4,19.5,22,21.6,22,2.5,0,0.4,1,0,0
M3WX61,24.2,18.7,17.9,24.2,0,5.5,6.3,0,1,1
A0A337S1U9,23.6,21.2,20.8,23.6,0,2.4,2.8,0,1,1
A0A5F5XMF6,19.9,15.7,15.7,19.9,0,4.2,4.2,0,1,1
A0A337STQ6,18.1,17.5,17.9,18.1,0,0.6,0.2,0,0,0
A0A2I2UIU2,20.4,19.9,19.7,20.4,0,0.5,0.7,0,0,0
M3W6G1,23.1,18.7,18.6,23.1,0,4.4,4.5,0,1,1
A0A2I2USV9,23.4,17.8,18.2,23.4,0,5.6,5.2,0,1,1
A0A2I2UXP2,23.3,19.9,20,23.3,0,3.4,3.3,0,1,1
M3X277,21.5,19.7,18.8,21.5,0,1.8,2.7,0,1,1
M3WBP8,22.7,20.1,19.9,22.7,0,2.6,2.8,0,1,1
M3WH96,18.2,13.5,12.4,18.2,0,4.7,5.8,0,1,1
A0A2I2U7X2,22.8,21.1,20.4,22.8,0,1.7,2.4,0,1,1
A0A2I2U066,14.9,12.3,12.8,14.9,0,2.6,2.1,0,1,1
A0A337S5J7,24.8,21.8,21.6,24.8,0,3,3.2,0,1,1
M3VZI2,16.8,13.1,11.3,16.8,0,3.7,5.5,0,1,1
M3WK02,15.4,14.5,13.1,15.4,0,0.9,2.3,0,0,1
A0A2I2URR0,20.4,17,16.1,20.4,0,3.4,4.3,0,1,1
M3VZX1,20.1,16.7,16.7,20.1,0,3.4,3.4,0,1,1
M3W6R4,17.9,19.1,18.5,19.1,1.2,0,0.6,1,0,0
Q1T771,17,18,18,18,1,0,0,1,0,0
P19707,20.6,20.2,20.1,20.6,0,0.4,0.5,0,0,0
A0A337SKP2,15.9,16.5,17,17,1.1,0.5,0,1,0,0
A0A5F5XKD6,24.1,18.5,16.8,24.1,0,5.6,7.3,0,1,1
A0A337RY68,19.1,16.8,16.9,19.1,0,2.3,2.2,0,1,1
M3WQ85,22.3,19.1,19.4,22.3,0,3.2,2.9,0,1,1
A0A5F5XHE0,22.7,27.1,26.7,27.1,4.4,0,0.4,1,0,0
M3WBA3,18,21.7,21.2,21.7,3.7,0,0.5,1,0,0
A0A2I2UX36,21.9,22.1,16.2,22.1,0.2,0,5.9,0,0,1
A0A337SWS1,24.1,20.7,19.5,24.1,0,3.4,4.6,0,1,1
A0A5F5XNW4,20.2,15.4,16.4,20.2,0,4.8,3.8,0,1,1
A0A337S649,22.5,14.4,14.4,22.5,0,8.1,8.1,0,1,1
M3X6M9,26.9,19.5,20,26.9,0,7.4,6.9,0,1,1
A0A337S0T3,24.4,25.9,27.1,27.1,2.7,1.2,0,1,1,0
A0A5F5XYV1,19.7,10.5,10.6,19.7,0,9.2,9.1,0,1,1
M3W808,23.8,20.2,20.5,23.8,0,3.6,3.3,0,1,1
A0A2I2UXY4,23.5,21.5,21.9,23.5,0,2,1.6,0,1,1
M3VXE7,21.9,19.9,19.9,21.9,0,2,2,0,1,1
A0A337S3N8,19.8,20.3,21,21,1.2,0.7,0,1,0,0
A0A2I2U2J6,21.2,21.3,21.1,21.3,0.1,0,0.2,0,0,0
M3XD95,21.1,18.9,18.5,21.1,0,2.2,2.6,0,1,1
M3W1S6,17.5,13.5,13.6,17.5,0,4,3.9,0,1,1
A0A337SKV9,21.5,19.4,19.6,21.5,0,2.1,1.9,0,1,1
A0A337S4F4,18,15.9,14.5,18,0,2.1,3.5,0,1,1
A0A337RVW7,19.4,17.9,18.9,19.4,0,1.5,0.5,0,1,0
A0A337S8G3,19.3,20.3,20.3,20.3,1,0,0,1,0,0
A0A5F5XW04,28.5,30.1,30.2,30.2,1.7,0.1,0,1,0,0
M3WCX1,28.4,29.9,30,30,1.6,0.1,0,1,0,0
M3WCX2,15.2,14.5,14.3,15.2,0,0.7,0.9,0,0,0
M3WCX6,22,23.5,23.6,23.6,1.6,0.1,0,1,0,0
M3WCX4,21.8,24.6,24.4,24.6,2.8,0,0.2,1,0,0
A0A5F5Y5G3,19.6,18.7,19,19.6,0,0.9,0.6,0,0,0
M3WCX0,26.7,24.6,24.5,26.7,0,2.1,2.2,0,1,1
M3W9H4,20.9,19.4,20.6,20.9,0,1.5,0.3,0,1,0
A0A2I2UQ88,16.1,15.5,10.2,16.1,0,0.6,5.9,0,0,1
A0A2I2UMR7,24.3,20.7,22,24.3,0,3.6,2.3,0,1,1
M3WLL8,28.2,31.3,31.3,31.3,3.1,0,0,1,0,0
M3W543,24.5,28.2,28.3,28.3,3.8,0.1,0,1,0,0
M3W4Q4,14,16,16.5,16.5,2.5,0.5,0,1,0,0
M3W5N1,25.2,28.7,28.8,28.8,3.6,0.1,0,1,0,0
M3W5N0,23.3,25.2,25.2,25.2,1.9,0,0,1,0,0
A0A2I2U9A5,26.1,28.5,28.4,28.5,2.4,0,0.1,1,0,0
A0A5F5XDM5,24.5,28.3,28.9,28.9,4.4,0.6,0,1,0,0
A0A5F5Y090,20.6,24.8,25.3,25.3,4.7,0.5,0,1,0,0
A0A5F5XLC7,26.3,23.4,24,26.3,0,2.9,2.3,0,1,1
A0A5F5Y312,22.3,18.9,19.1,22.3,0,3.4,3.2,0,1,1
A0A2I2UR94,18.6,13.5,14,18.6,0,5.1,4.6,0,1,1
M3X0E0,22.4,14.4,14.8,22.4,0,8,7.6,0,1,1
M3WNK3,20.2,13.5,13.2,20.2,0,6.7,7,0,1,1
A0A337SBP5,22,16.3,16.2,22,0,5.7,5.8,0,1,1
M3VVP5,24.3,22.3,22.2,24.3,0,2,2.1,0,1,1
A0A337RXI4,20.6,16.3,18.5,20.6,0,4.3,2.1,0,1,1
M3WHM8,28.9,18.5,18.4,28.9,0,10.4,10.5,0,1,1
A0A5F5XDP8,23.5,26.6,26.4,26.6,3.1,0,0.2,1,0,0
A0A337SFV1,21.7,24.6,24.7,24.7,3,0.1,0,1,0,0
A0A5F5Y6V8,16.4,21.4,21.2,21.4,5,0,0.2,1,0,0
A0A337S703,22,13.8,15.1,22,0,8.2,6.9,0,1,1
A0A337SBU4,19,12.3,13.5,19,0,6.7,5.5,0,1,1
M3VUS4,18,10.8,10.5,18,0,7.2,7.5,0,1,1
A0A2I2UZT1,27.8,19.7,18.6,27.8,0,8.1,9.2,0,1,1
A0A337S6F7,20.3,12.6,10.9,20.3,0,7.7,9.4,0,1,1
A0A5F5Y5C4,18,11,10.4,18,0,7,7.6,0,1,1
A0A2I2UL92,23,23.6,24,24,1,0.4,0,1,0,0
M3W6U8,23.6,18,18.4,23.6,0,5.6,5.2,0,1,1
M3VYU4,22.6,20.5,21.2,22.6,0,2.1,1.4,0,1,1
A0A2I2UGY0,24.3,24,23.6,24.3,0,0.3,0.7,0,0,0
A0A5F5XD74,21.2,21.5,20.8,21.5,0.3,0,0.7,0,0,0
M3WNL1,23.9,25.5,25.6,25.6,1.7,0.1,0,1,0,0
A0A2I2USM1,22.2,20.7,24.7,24.7,2.5,4,0,1,1,0
A0A337SUE7,20.6,21.9,22.4,22.4,1.8,0.5,0,1,0,0
A0A337SCZ5,19.2,14.9,13.9,19.2,0,4.3,5.3,0,1,1
A0A337RV27,22.4,24.1,23.6,24.1,1.7,0,0.5,1,0,0
M3WGV2,21.6,19.6,21,21.6,0,2,0.6,0,1,0
M3VX59,21.5,22.1,21.5,22.1,0.6,0,0.6,0,0,0
A0A2I2UUV9,22,18.6,18.2,22,0,3.4,3.8,0,1,1
A0A2I2URL1,17.7,19.4,16.3,19.4,1.7,0,3.1,1,0,1
A0A5F5XZL1,20.6,14.7,14.3,20.6,0,5.9,6.3,0,1,1
A0A2I2UA74,19.4,19.2,17.6,19.4,0,0.2,1.8,0,0,1
M3VWU4,19.9,20.3,20.4,20.4,0.5,0.1,0,0,0,0
M3VV37,24.6,26.4,26.4,26.4,1.8,0,0,1,0,0
M3WLC0,22.8,18,18.3,22.8,0,4.8,4.5,0,1,1
A0A2I2U4M0,19.9,23.6,24.4,24.4,4.5,0.8,0,1,0,0
A0A2I2UF62,16.6,13.4,11.2,16.6,0,3.2,5.4,0,1,1
A0A337SG91,21.2,19,19.8,21.2,0,2.2,1.4,0,1,1
A0A5F5XQN8,21.3,17.5,18.4,21.3,0,3.8,2.9,0,1,1
A0A337SAB7,18.6,15,15.1,18.6,0,3.6,3.5,0,1,1
M3WJJ1,19.5,19.9,19.8,19.9,0.4,0,0.1,0,0,0
A0A5F5XDQ5,21.1,19,18.7,21.1,0,2.1,2.4,0,1,1
M3WYV4,20.1,20.4,21.5,21.5,1.4,1.1,0,1,1,0
A0A5F5XEN6,18.2,18.1,17.7,18.2,0,0.1,0.5,0,0,0
A0A2I2UPJ1,19.3,14.9,14.2,19.3,0,4.4,5.1,0,1,1
A0A5F5XC30,19.6,18,18.1,19.6,0,1.6,1.5,0,1,1
M3WBM7,22.2,17.7,17.4,22.2,0,4.5,4.8,0,1,1
M3W1G1,20.5,18.5,18.7,20.5,0,2,1.8,0,1,1
M3XF74,21.3,19.4,19.5,21.3,0,1.9,1.8,0,1,1
M3VYI8,17.3,18.7,18.8,18.8,1.5,0.1,0,1,0,0
A0A2I2U579,16.7,14.5,14.9,16.7,0,2.2,1.8,0,1,1
A0A2I2UV69,20.1,10.8,11.1,20.1,0,9.3,9,0,1,1
A0A2I2UAJ7,20.8,11.3,10.3,20.8,0,9.5,10.5,0,1,1
A0A337S693,19.7,16,16.2,19.7,0,3.7,3.5,0,1,1
A0A5F5Y4Q7,19.7,19.2,19.6,19.7,0,0.5,0.1,0,0,0
M3X374,22.6,22.2,22.2,22.6,0,0.4,0.4,0,0,0
A0A5F5XFM9,20.8,22.1,21.9,22.1,1.3,0,0.2,1,0,0
A0A2I2U480,17.9,17.9,19.4,19.4,1.5,1.5,0,1,1,0
M3W8Q2,21.9,21.3,21.3,21.9,0,0.6,0.6,0,0,0
M3X4X1,15.4,11.2,10.6,15.4,0,4.2,4.8,0,1,1
A0A2I2UPH5,25.7,22.2,22.4,25.7,0,3.5,3.3,0,1,1
A0A2I2U3N0,19.5,15.8,16,19.5,0,3.7,3.5,0,1,1
A0A337SS20,23.8,21.1,21.8,23.8,0,2.7,2,0,1,1
A0A2I2V1M2,21.8,21.1,20.4,21.8,0,0.7,1.4,0,0,1
A0A5F5XL46,21.8,21.4,21.3,21.8,0,0.4,0.5,0,0,0
M3WIG3,17.5,16.5,15.9,17.5,0,1,1.6,0,1,1
A0A5F5XK14,22.8,22.9,21.5,22.9,0.1,0,1.4,0,0,1
M3WM95,19.3,10.2,10.5,19.3,0,9.1,8.8,0,1,1
A0A5F5XKY6,19.3,15.3,16,19.3,0,4,3.3,0,1,1
A0A5F5XR50,18.6,17,17.1,18.6,0,1.6,1.5,0,1,1
A0A2I2U991,18.7,22.5,22.6,22.6,3.9,0.1,0,1,0,0
A0A2I2U9I8,23.4,19.7,19.4,23.4,0,3.7,4,0,1,1
A0A2I2UZ18,19,14.7,14.1,19,0,4.3,4.9,0,1,1
M3WLW6,22.9,21,19.6,22.9,0,1.9,3.3,0,1,1
M3X7Y2,20.3,16,15.4,20.3,0,4.3,4.9,0,1,1
A0A5F5XHK0,18.7,13.5,15.7,18.7,0,5.2,3,0,1,1
M3WYD3,21.3,18.4,18.7,21.3,0,2.9,2.6,0,1,1
M3WMU1,20.4,20.6,20.6,20.6,0.2,0,0,0,0,0
M3WI49,18.8,14.6,15.4,18.8,0,4.2,3.4,0,1,1
A0A337RYL8,18.5,16.4,15.8,18.5,0,2.1,2.7,0,1,1
A0A2I2UM84,16.7,15.5,15.4,16.7,0,1.2,1.3,0,1,1
A0A2I2UVQ2,26.2,19.8,20,26.2,0,6.4,6.2,0,1,1
A0A5F5XTV6,23.8,22,22,23.8,0,1.8,1.8,0,1,1
A0A2I2UR05,20.1,19,19.4,20.1,0,1.1,0.7,0,1,0
A0A5F5XIW6,19,14.9,15.7,19,0,4.1,3.3,0,1,1
M3VVT0,16.7,12.5,14,16.7,0,4.2,2.7,0,1,1
A0A2I2U6D2,16.7,18.9,17.1,18.9,2.2,0,1.8,1,0,1
A0A337S5T6,20.4,16.6,16.2,20.4,0,3.8,4.2,0,1,1
A0A5F5XQY8,17.9,15.4,15.9,17.9,0,2.5,2,0,1,1
A0A2I2UHD5,21.9,18.9,19,21.9,0,3,2.9,0,1,1
M3WJN7,20,18.1,19.4,20,0,1.9,0.6,0,1,0
M3WN53,19.4,18.1,18.6,19.4,0,1.3,0.8,0,1,0
A0A5F5Y3A1,20.6,18.5,18.6,20.6,0,2.1,2,0,1,1
M3XCB8,20.1,19.1,18.3,20.1,0,1,1.8,0,1,1
A0A337SUF8,18.4,15.7,16.4,18.4,0,2.7,2,0,1,1
A0A2I2UP70,20.7,20,20.4,20.7,0,0.7,0.3,0,0,0
M3VWX8,26.1,24.9,22.8,26.1,0,1.2,3.3,0,1,1
A0A337RXK1,24.3,21.9,22.2,24.3,0,2.4,2.1,0,1,1
M3WBD8,21.4,18.3,16.9,21.4,0,3.1,4.5,0,1,1
A0A5F5XF46,21.3,19,17.7,21.3,0,2.3,3.6,0,1,1
M3VZE1,23.1,19.3,19,23.1,0,3.8,4.1,0,1,1
M3WVG6,21.4,21.9,22.8,22.8,1.4,0.9,0,1,0,0
A0A5F5Y1D6,21.9,21.3,21.8,21.9,0,0.6,0.1,0,0,0
A0A5F5XQX5,20.7,20.2,20.4,20.7,0,0.5,0.3,0,0,0
A0A2I2U8C8,17.3,18.5,19.1,19.1,1.8,0.6,0,1,0,0
A0A2I2UTP2,23.4,15.7,16,23.4,0,7.7,7.4,0,1,1
A0A337SNU3,18.6,18.2,18.7,18.7,0.1,0.5,0,0,0,0
A0A5F5XD47,19.8,16.6,16.6,19.8,0,3.2,3.2,0,1,1
A0A5F5XJ51,22.6,22.8,22.6,22.8,0.2,0,0.2,0,0,0
M3X0W1,23.6,23.8,23.5,23.8,0.2,0,0.3,0,0,0
A0A5F5XNI1,31.9,33.1,33.3,33.3,1.4,0.2,0,1,0,0
M3X260,25.5,26.9,27,27,1.5,0.1,0,1,0,0
A0A5F5XXX0,27,28.3,28.3,28.3,1.3,0,0,1,0,0
M3WBQ5,28.6,29.1,29.2,29.2,0.6,0.1,0,0,0,0
B4X8D7,26.5,19.3,18,26.5,0,7.2,8.5,0,1,1
B4X8D8,26.2,19.7,19.5,26.2,0,6.5,6.7,0,1,1
M3WI50,19.1,12.3,12.1,19.1,0,6.8,7,0,1,1
A0A5F5XDK9,25.8,18.5,18.5,25.8,0,7.3,7.3,0,1,1
Q9MYZ3,20.2,20.7,21.2,21.2,1,0.5,0,1,0,0
M3WKJ1,23.7,23,23.5,23.7,0,0.7,0.2,0,0,0
A0A337SBT0,20.9,19.1,18.2,20.9,0,1.8,2.7,0,1,1
A0A5F5XGQ1,22.1,19.9,21.1,22.1,0,2.2,1,0,1,0
A0A5F5XD94,22.7,20.7,21.3,22.7,0,2,1.4,0,1,1
A0A2I2UM78,23.8,24.1,24.5,24.5,0.7,0.4,0,0,0,0
M3WF45,26,24.5,24.9,26,0,1.5,1.1,0,1,1
A0A2I2UG29,14,10,10.2,14,0,4,3.8,0,1,1
M3W148,18.7,18.9,18.9,18.9,0.2,0,0,0,0,0
A0A5F5XNC0,18.8,17.9,18.4,18.8,0,0.9,0.4,0,0,0
A0A2I2UGV7,26.4,20,20,26.4,0,6.4,6.4,0,1,1
A0A337S209,21.8,20.7,21.4,21.8,0,1.1,0.4,0,1,0
A0A337SK12,20.2,15.6,14.8,20.2,0,4.6,5.4,0,1,1
A0A2I2UP29,28.1,21.2,20.7,28.1,0,6.9,7.4,0,1,1
A0A2I2U4F9,22.3,21.4,23.5,23.5,1.2,2.1,0,1,1,0
M3W949,23,22,23.4,23.4,0.4,1.4,0,0,1,0
A0A337SHQ6,22.4,22.3,23.3,23.3,0.9,1,0,0,1,0
A0A2I2UAQ8,21.3,19.6,19.6,21.3,0,1.7,1.7,0,1,1
A0A337SA15,24.6,17.2,17.2,24.6,0,7.4,7.4,0,1,1
A0A337S5K9,20.7,11.4,11.2,20.7,0,9.3,9.5,0,1,1
A0A337S2N1,19.8,21.5,21.5,21.5,1.7,0,0,1,0,0
M3X940,18.8,13.5,13.2,18.8,0,5.3,5.6,0,1,1
A0A5F5Y1L1,21.3,19.6,18.9,21.3,0,1.7,2.4,0,1,1
A0A2I2V2A4,20,17.2,17.1,20,0,2.8,2.9,0,1,1
M3XFJ6,22.9,21.6,21.5,22.9,0,1.3,1.4,0,1,1
M3WPL3,19.5,12.1,12.6,19.5,0,7.4,6.9,0,1,1
A0A2I2UKF8,23.3,20.2,20.9,23.3,0,3.1,2.4,0,1,1
A0A2I2UFI9,16.5,16.2,15.7,16.5,0,0.3,0.8,0,0,0
M3WBR7,14.6,15.5,14.6,15.5,0.9,0,0.9,0,0,0
M3W5X2,24,13.2,15.4,24,0,10.8,8.6,0,1,1
A0A337S0Q7,18,12.5,11.8,18,0,5.5,6.2,0,1,1
A0A5F5XDF0,22,21.6,21.4,22,0,0.4,0.6,0,0,0
M3WP30,18.2,16.3,15.7,18.2,0,1.9,2.5,0,1,1
M3WSW8,21.1,11.5,12.5,21.1,0,9.6,8.6,0,1,1
A0A5F5XZP8,31.7,19,19.6,31.7,0,12.7,12.1,0,1,1
A0A5F5XRV1,20.7,18.7,17.7,20.7,0,2,3,0,1,1
A0A2I2U348,18.6,11.1,10.4,18.6,0,7.5,8.2,0,1,1
M3W8X2,20.7,17.6,17.2,20.7,0,3.1,3.5,0,1,1
M3WTN0,16.3,17.1,17.1,17.1,0.8,0,0,0,0,0
A0A2I2UFV7,26.4,23,23.2,26.4,0,3.4,3.2,0,1,1
A0A2I2UUG3,22.7,19.9,20.6,22.7,0,2.8,2.1,0,1,1
A0A2I2UQD4,20.9,18,17.6,20.9,0,2.9,3.3,0,1,1
A0A5F5XSD6,20.7,19.9,19,20.7,0,0.8,1.7,0,0,1
A0A2I2V223,16.9,12.6,12.8,16.9,0,4.3,4.1,0,1,1
A0A337SE86,24.4,21.4,22,24.4,0,3,2.4,0,1,1
A0A5F5Y208,18.4,17.5,17.9,18.4,0,0.9,0.5,0,0,0
A0A337SN48,20.8,17.5,16.9,20.8,0,3.3,3.9,0,1,1
A0A337S3S3,19.7,19.1,19.8,19.8,0.1,0.7,0,0,0,0
A0A337SCZ0,19.5,14.3,14.1,19.5,0,5.2,5.4,0,1,1
M3X9A1,22.7,20,20.2,22.7,0,2.7,2.5,0,1,1
A0A2I2URE8,16.3,14.9,15.7,16.3,0,1.4,0.6,0,1,0
A0A2I2U057,21.2,20.2,20.4,21.2,0,1,0.8,0,1,0
A0A2I2UY85,18.2,18.7,19.7,19.7,1.5,1,0,1,1,0
A0A5F5XI45,13.9,16.4,16,16.4,2.5,0,0.4,1,0,0
A0A337RXS4,23.6,22,21.6,23.6,0,1.6,2,0,1,1
A0A337RUS6,23.1,16.4,19,23.1,0,6.7,4.1,0,1,1
A0A2I2UQM8,21,18.6,21.3,21.3,0.3,2.7,0,0,1,0
A0A337SU32,22.8,21.9,22.4,22.8,0,0.9,0.4,0,0,0
A0A337SC81,18.2,17.6,17.9,18.2,0,0.6,0.3,0,0,0
M3VUZ7,23.4,20.1,18.6,23.4,0,3.3,4.8,0,1,1
A0A2I2UDW9,20.5,20.2,21,21,0.5,0.8,0,0,0,0
A0A2I2UB49,22.8,21.1,19.3,22.8,0,1.7,3.5,0,1,1
M3WPX9,18.1,17.9,18.2,18.2,0.1,0.3,0,0,0,0
A0A337SAI4,22.7,23.9,21.6,23.9,1.2,0,2.3,1,0,1
M3WEV9,28.1,31.3,31.3,31.3,3.2,0,0,1,0,0
A0A337S1Z7,21.9,23.4,19.2,23.4,1.5,0,4.2,1,0,1
A0A2I2U1M4,21.5,22.1,22.6,22.6,1.1,0.5,0,1,0,0
A0A2I2UVC7,20.2,18.1,18.1,20.2,0,2.1,2.1,0,1,1
A0A2I2UZ20,20.8,18.7,18.4,20.8,0,2.1,2.4,0,1,1
A0A2I2UXF6,17.7,16.7,16,17.7,0,1,1.7,0,1,1
A0A2I2UBF3,20.1,20,20.3,20.3,0.2,0.3,0,0,0,0
A0A5F5XDY3,20.4,14.6,14.2,20.4,0,5.8,6.2,0,1,1
A0A2I2UAT5,23,19.5,19.4,23,0,3.5,3.6,0,1,1
A0A5F5XBV5,22.3,17.6,17.9,22.3,0,4.7,4.4,0,1,1
M3X4Y2,22.4,18.7,18.8,22.4,0,3.7,3.6,0,1,1
A0A337RU81,23.1,19.8,20.7,23.1,0,3.3,2.4,0,1,1
A0A2I2V2Q8,17.6,16.2,17.2,17.6,0,1.4,0.4,0,1,0
A0A2I2V0W1,20.9,19.9,19.1,20.9,0,1,1.8,0,1,1
P63052,26.8,22.1,22.1,26.8,0,4.7,4.7,0,1,1
A0A2I2UFV8,23.7,16.4,16.3,23.7,0,7.3,7.4,0,1,1
A0A337S307,16.2,13.5,14.9,16.2,0,2.7,1.3,0,1,1
M3X7A8,20.7,13.8,14.1,20.7,0,6.9,6.6,0,1,1
M3VWB5,21.1,21.1,21.1,21.1,0,0,0,0,0,0
M3W230,32.3,21.1,21.2,32.3,0,11.2,11.1,0,1,1
A0A337S3Y7,17.2,15.1,14.8,17.2,0,2.1,2.4,0,1,1
M3WUK1,19.1,12,10.5,19.1,0,7.1,8.6,0,1,1
A0A5F5XVJ0,17.2,16.5,14.5,17.2,0,0.7,2.7,0,0,1
A0A5F5XS01,18.1,17.5,18,18.1,0,0.6,0.1,0,0,0
A0A2I2U2G1,13.8,13.8,12.9,13.8,0,0,0.9,0,0,0
A0A5F5Y2F0,21.5,17.6,17.5,21.5,0,3.9,4,0,1,1
M3WEQ2,26.6,20,19.7,26.6,0,6.6,6.9,0,1,1
M3WIA9,20.8,21.1,21.4,21.4,0.6,0.3,0,0,0,0
A0A337RXZ6,27.8,24.2,24,27.8,0,3.6,3.8,0,1,1
M3WED4,25.4,20.7,20.6,25.4,0,4.7,4.8,0,1,1
A0A2I2UH10,17.1,15.6,14.9,17.1,0,1.5,2.2,0,1,1
M3VW05,19.6,18.8,18.2,19.6,0,0.8,1.4,0,0,1
A0A2I2UXU4,23.5,23.3,23.7,23.7,0.2,0.4,0,0,0,0
M3X2J1,23.5,19.6,20,23.5,0,3.9,3.5,0,1,1
A0A2I2V1K5,21,17.3,17.6,21,0,3.7,3.4,0,1,1
M3VYE6,23.8,23,22.4,23.8,0,0.8,1.4,0,0,1
A0A2I2U8W9,24.1,21.4,21.7,24.1,0,2.7,2.4,0,1,1
A0A337SUD5,19.1,14.3,14.7,19.1,0,4.8,4.4,0,1,1
A0A2I2UCX4,18,11.7,11.5,18,0,6.3,6.5,0,1,1
M3W8U6,26.7,21.9,21.7,26.7,0,4.8,5,0,1,1
A0A5F5XTH2,23.4,25,24.8,25,1.6,0,0.2,1,0,0
A0A2I2UUX6,24,25.5,25.6,25.6,1.6,0.1,0,1,0,0
A0A337S0D4,20.7,22.9,23,23,2.3,0.1,0,1,0,0
A0A5F5XLU4,21.8,18.8,17.9,21.8,0,3,3.9,0,1,1
A0A5F5XLV1,21.3,17.6,17.8,21.3,0,3.7,3.5,0,1,1
A0A337SIC4,19.4,18.3,17.2,19.4,0,1.1,2.2,0,1,1
A0A5F5XEZ3,22.2,17.2,17.4,22.2,0,5,4.8,0,1,1
A0A5F5XGU3,22.6,21.3,21.1,22.6,0,1.3,1.5,0,1,1
A0A2I2UFC7,19,16.6,16.3,19,0,2.4,2.7,0,1,1
A0A5F5XWJ8,19.9,19.6,18.9,19.9,0,0.3,1,0,0,0
A0A337SJF6,20.2,19,18.3,20.2,0,1.2,1.9,0,1,1
A0A2I2UNJ3,24,21.5,20.5,24,0,2.5,3.5,0,1,1
M3WXF7,21,19,19.4,21,0,2,1.6,0,1,1
A0A5F5XJU3,21.1,17.3,18,21.1,0,3.8,3.1,0,1,1
M3WEH0,20.5,15.4,16,20.5,0,5.1,4.5,0,1,1
M3XCE8,18.1,15.1,15.7,18.1,0,3,2.4,0,1,1
A0A337S1D0,21.8,21,21.2,21.8,0,0.8,0.6,0,0,0
M3W9I5,27.5,27.6,27.6,27.6,0.1,0,0,0,0,0
M3WSQ2,19,17.3,17.7,19,0,1.7,1.3,0,1,1
M3XCS6,19.6,17.9,18.2,19.6,0,1.7,1.4,0,1,1
A0A061DD19,22.7,22.6,22.9,22.9,0.2,0.3,0,0,0,0
A0A337S7R6,15.8,15.7,13.5,15.8,0,0.1,2.3,0,0,1
M3W7M9,15.5,14.2,14.2,15.5,0,1.3,1.3,0,1,1
A0A2I2UEP1,21.7,21.7,21.8,21.8,0.1,0.1,0,0,0,0
A0A5F5XN85,19.9,20.2,19.6,20.2,0.3,0,0.6,0,0,0
A0A337SCH3,27.9,14.7,16.2,27.9,0,13.2,11.7,0,1,1
M3W8X1,16.9,12.6,14.8,16.9,0,4.3,2.1,0,1,1
M3VVC0,20.1,14.7,14,20.1,0,5.4,6.1,0,1,1
M3VZR2,22.4,24.1,23.8,24.1,1.7,0,0.3,1,0,0
A0A5F5XCJ6,28.1,16.4,17.4,28.1,0,11.7,10.7,0,1,1
M3WFK3,20.6,19.8,21,21,0.4,1.2,0,0,1,0
A0A337SCS9,23.4,20.2,20.5,23.4,0,3.2,2.9,0,1,1
M3VWG1,20.8,20.1,20.4,20.8,0,0.7,0.4,0,0,0
A0A5F5XZJ4,21.8,19.3,20.2,21.8,0,2.5,1.6,0,1,1
M3WVC7,22.5,19.7,19.3,22.5,0,2.8,3.2,0,1,1
A0A5K1VG18,20.2,15,14.2,20.2,0,5.2,6,0,1,1
A0A2I2UTC5,15.7,20.4,20.2,20.4,4.7,0,0.2,1,0,0
A0A5F5XBP5,20.5,19.3,22.4,22.4,1.9,3.1,0,1,1,0
A0A337SLM1,27,26.5,26.4,27,0,0.5,0.6,0,0,0
M3WPT0,26.4,25.5,25.5,26.4,0,0.9,0.9,0,0,0
A0A2I2UXF5,24.5,23.3,23.3,24.5,0,1.2,1.2,0,1,1
A0A5F5XU81,28.5,21.4,22.7,28.5,0,7.1,5.8,0,1,1
A0A2I2U5G8,25.7,26.1,25.5,26.1,0.4,0,0.6,0,0,0
A0A5F5XGI8,22.4,16.6,16.9,22.4,0,5.8,5.5,0,1,1
A0A5F5Y249,22.8,23.1,23.1,23.1,0.3,0,0,0,0,0
A0A291NGR0,25.8,21.5,21.8,25.8,0,4.3,4,0,1,1
A0A337S3R0,27.4,26.2,26.2,27.4,0,1.2,1.2,0,1,1
A0A5F5XER5,25.5,29.4,29.5,29.5,4,0.1,0,1,0,0
A0A5F5XL80,25.9,29.1,29.2,29.2,3.3,0.1,0,1,0,0
A0A291NH43,15.5,17.9,16.7,17.9,2.4,0,1.2,1,0,1
A0A2I2V2Y7,26.5,23.7,23.4,26.5,0,2.8,3.1,0,1,1
A0A2I2ULZ3,25.3,18,19.7,25.3,0,7.3,5.6,0,1,1
M3W0R2,22.3,15.6,15.1,22.3,0,6.7,7.2,0,1,1
A0A337SP31,20.6,18.3,18.7,20.6,0,2.3,1.9,0,1,1
T2HUL6,18.1,20.1,19.8,20.1,2,0,0.3,1,0,0
A0A291NH71,28.2,25.3,26,28.2,0,2.9,2.2,0,1,1
A0A291NH36,31.7,29.9,30.1,31.7,0,1.8,1.6,0,1,1
A0A291NH39,20.8,20.5,19.5,20.8,0,0.3,1.3,0,0,1
A0A976N0B1,24.6,19.3,19.7,24.6,0,5.3,4.9,0,1,1
M3X050,23,19.7,19.8,23,0,3.3,3.2,0,1,1
A0A291NGR2,26.7,21.2,22.2,26.7,0,5.5,4.5,0,1,1
A0A2I2V460,23.4,20.6,21.1,23.4,0,2.8,2.3,0,1,1
A0A337SE59,22.1,19.2,18.8,22.1,0,2.9,3.3,0,1,1
A0A291NGW6,16.4,17.8,17.6,17.8,1.4,0,0.2,1,0,0
A0A291NGQ8,32,26.9,27.2,32,0,5.1,4.8,0,1,1
A0A291NH16,23,20.7,20.3,23,0,2.3,2.7,0,1,1
A0A291NHD0,30.3,31.2,31.4,31.4,1.1,0.2,0,1,0,0
A0A291NH41,19.4,16.4,17.1,19.4,0,3,2.3,0,1,1
M3X5X6,25,22.5,22.4,25,0,2.5,2.6,0,1,1
A0A291NGT6,25.1,24.1,23.9,25.1,0,1,1.2,0,1,1
A0A2I2UCP1,24.1,14,14.6,24.1,0,10.1,9.5,0,1,1
A0A5F5Y223,25.3,22.3,22,25.3,0,3,3.3,0,1,1
A0A2I2U526,21.2,18.3,18.7,21.2,0,2.9,2.5,0,1,1
A0A5F5XCZ4,24.4,26.7,26.6,26.7,2.3,0,0.1,1,0,0
A0A337SKT0,20,18.8,19,20,0,1.2,1,0,1,0
A0A2I2UN09,26.3,26.5,26.6,26.6,0.3,0.1,0,0,0,0
A0A5F5XS16,21.8,17.1,16.1,21.8,0,4.7,5.7,0,1,1
A0A291NH33,28.8,27.7,28.1,28.8,0,1.1,0.7,0,1,0
A0A5F5XWJ9,19.6,18.3,18,19.6,0,1.3,1.6,0,1,1
A0A291NH74,28.1,26.3,26.1,28.1,0,1.8,2,0,1,1
M3X7R1,24.6,22.6,22.7,24.6,0,2,1.9,0,1,1
A0A337S7U4,27.7,28.1,28.6,28.6,0.9,0.5,0,0,0,0
T2HUV9,24.2,21.7,21.6,24.2,0,2.5,2.6,0,1,1
A0A337SA19,19.3,20.2,19.3,20.2,0.9,0,0.9,0,0,0
A0A5F5XRP7,20.3,16.6,16.6,20.3,0,3.7,3.7,0,1,1
A0A291NH73,25.5,22.8,23,25.5,0,2.7,2.5,0,1,1
A0A5F5XZ87,25,22,21.9,25,0,3,3.1,0,1,1
A0A2I2V5I2,25.4,21.7,22,25.4,0,3.7,3.4,0,1,1
A0A2I2UC18,21.6,18,18.3,21.6,0,3.6,3.3,0,1,1
A0A2I2ULR9,23.5,20.8,20.8,23.5,0,2.7,2.7,0,1,1
A0A291NGT2,25.1,24.3,24.1,25.1,0,0.8,1,0,0,0
A0A2I2U5M6,16.4,17.7,18.2,18.2,1.8,0.5,0,1,0,0
A0A337SFW4,19.1,15.2,14.6,19.1,0,3.9,4.5,0,1,1
A0A291NH67,27.1,25.8,26.2,27.1,0,1.3,0.9,0,1,0
A0A337S672,20.1,16.6,17.8,20.1,0,3.5,2.3,0,1,1
A0A5F5Y4V7,22.7,22.1,22.3,22.7,0,0.6,0.4,0,0,0
A0A5F5XUA3,19.3,20.8,21.3,21.3,2,0.5,0,1,0,0
A0A2I2UR81,23.2,19.6,20.1,23.2,0,3.6,3.1,0,1,1
A0A2I2U1K0,24.1,22.5,22.9,24.1,0,1.6,1.2,0,1,1
A0A291NHD9,29.6,30.5,30.7,30.7,1.1,0.2,0,1,0,0
A0A291NH87,26.6,24.6,24.8,26.6,0,2,1.8,0,1,1
A0A337SLR6,24.3,15.8,16,24.3,0,8.5,8.3,0,1,1
M3XE23,20.3,16.8,17.2,20.3,0,3.5,3.1,0,1,1
A0A291NH84,19.2,17.2,17.6,19.2,0,2,1.6,0,1,1
A0A291NHB4,24.5,22.8,23,24.5,0,1.7,1.5,0,1,1
A0A337S804,24.5,22.1,22.5,24.5,0,2.4,2,0,1,1
A0A2I2U6W9,22.1,18.4,17.7,22.1,0,3.7,4.4,0,1,1
A0A5F5XCM1,25.5,22.3,22,25.5,0,3.2,3.5,0,1,1
A0A337S723,22.9,18.6,18.7,22.9,0,4.3,4.2,0,1,1
A0A291NH77,29.4,27,27.4,29.4,0,2.4,2,0,1,1
A0A5F5XIJ2,18.3,20.1,19.8,20.1,1.8,0,0.3,1,0,0
A0A291NGY8,22.5,22.2,22.3,22.5,0,0.3,0.2,0,0,0
M3WIA6,21.4,21.7,21.6,21.7,0.3,0,0.1,0,0,0
A0A291NGZ4,29.7,27.3,27.5,29.7,0,2.4,2.2,0,1,1
A0A5F5XKA4,19.5,22.9,22.5,22.9,3.4,0,0.4,1,0,0
A0A291NHC4,22.4,21.3,20.9,22.4,0,1.1,1.5,0,1,1
A0A291NHA5,25.1,23.6,23.5,25.1,0,1.5,1.6,0,1,1
A0A291NHG6,22.8,25.2,26,26,3.2,0.8,0,1,0,0
A0A291NGZ9,24.8,23,23.7,24.8,0,1.8,1.1,0,1,1
A0A337RXE8,23.5,22.6,23.2,23.5,0,0.9,0.3,0,0,0
A0A5F5XT84,19,17.7,18.6,19,0,1.3,0.4,0,1,0
A0A291NHE9,23,24.7,24.6,24.7,1.7,0,0.1,1,0,0
A0A291NHA8,23.5,21.3,21.9,23.5,0,2.2,1.6,0,1,1
A0A291NGT3,24.5,24.3,24.2,24.5,0,0.2,0.3,0,0,0
A0A291NH42,20.4,18.8,19.7,20.4,0,1.6,0.7,0,1,0
A0A5F5XMZ4,23.2,18,18.5,23.2,0,5.2,4.7,0,1,1
A0A337S4X8,19.7,17.9,17.9,19.7,0,1.8,1.8,0,1,1
Q9J054,17.1,19.8,19.6,19.8,2.7,0,0.2,1,0,0
A0A2I2UI16,23.5,22.2,22.5,23.5,0,1.3,1,0,1,0
A0A5F5XM97,22.8,27,27.2,27.2,4.4,0.2,0,1,0,0
A0A5F5Y205,22.6,20.8,20.2,22.6,0,1.8,2.4,0,1,1
O97640,19,24.1,16.7,24.1,5.1,0,7.4,1,0,1
A0A291NH85,25.3,23.6,23,25.3,0,1.7,2.3,0,1,1
A0A5F5Y0U4,21.4,16.3,15.3,21.4,0,5.1,6.1,0,1,1
A0A291NH29,19.1,16.9,17,19.1,0,2.2,2.1,0,1,1
A0A5F5XZG6,22.2,20.5,19.9,22.2,0,1.7,2.3,0,1,1
M1PYE6,19.6,17.6,18.1,19.6,0,2,1.5,0,1,1
A0A337SA21,17.1,13.2,13.3,17.1,0,3.9,3.8,0,1,1
A0A337S1X7,23.5,22.6,22.7,23.5,0,0.9,0.8,0,0,0
A0A291NH90,22.3,19.6,20,22.3,0,2.7,2.3,0,1,1
M3XG70,19.2,16.6,16.7,19.2,0,2.6,2.5,0,1,1
A0A291NGT9,21.2,20.2,20,21.2,0,1,1.2,0,1,1
A0A291NH93,24.9,22.8,23,24.9,0,2.1,1.9,0,1,1
A0A291NGW2,12.5,16.9,16.6,16.9,4.4,0,0.3,1,0,0
A9NJ73,19.9,18.8,19,19.9,0,1.1,0.9,0,1,0
A0A291NH95,22.1,22.2,21.4,22.2,0.1,0,0.8,0,0,0
A0A291NGX0,15,15.3,14.9,15.3,0.3,0,0.4,0,0,0
A0A291NH81,25.6,23.1,23.5,25.6,0,2.5,2.1,0,1,1
A0A337SDR6,18.5,18.3,18.8,18.8,0.3,0.5,0,0,0,0
A0A291NHA0,24.6,22.1,21.9,24.6,0,2.5,2.7,0,1,1
A0A5F5XCM6,21.5,20.5,20.7,21.5,0,1,0.8,0,1,0
A0A291NH00,20,19.7,19.9,20,0,0.3,0.1,0,0,0
A0A291NHA9,22,20.2,20.3,22,0,1.8,1.7,0,1,1
A0A291NGZ6,27.8,25.5,25.6,27.8,0,2.3,2.2,0,1,1
A0A291NH96,20.5,20.9,18.9,20.9,0.4,0,2,0,0,1
A0A291NHC0,20.4,21.4,21.5,21.5,1.1,0.1,0,1,0,0
A0A291NHA2,27.5,25.2,25,27.5,0,2.3,2.5,0,1,1
A0A291NHB8,21.5,24.6,24.6,24.6,3.1,0,0,1,0,0
A0A5F5Y006,16,20.9,21.9,21.9,5.9,1,0,1,1,0
A0A291NGV1,21,20.3,20.3,21,0,0.7,0.7,0,0,0
A0A291NGW5,20,18.2,18.3,20,0,1.8,1.7,0,1,1
A0A291NH02,19.9,21,21.4,21.4,1.5,0.4,0,1,0,0
A0A291NGY1,24.8,24.3,24.1,24.8,0,0.5,0.7,0,0,0
A0A291NGU6,24.2,23.7,23.1,24.2,0,0.5,1.1,0,0,1
A0A291NGU9,19.9,19.5,19.4,19.9,0,0.4,0.5,0,0,0
A0A291NGW9,22.7,21.9,22,22.7,0,0.8,0.7,0,0,0
A0A291NGT1,29,28.6,28.9,29,0,0.4,0.1,0,0,0
A0A337SA37,21.3,17.7,18,21.3,0,3.6,3.3,0,1,1
A0A4P2TLQ8,22.3,11.4,10,22.3,0,10.9,12.3,0,1,1
A0A2I2UM04,22.1,20.9,20.7,22.1,0,1.2,1.4,0,1,1
M3VU82,19.2,19.5,21,21,1.8,1.5,0,1,1,0
M3XDV4,22.9,21.6,21.9,22.9,0,1.3,1,0,1,0
A0A291NHA1,24.4,22.1,22.4,24.4,0,2.3,2,0,1,1
A0A291NGU8,23.8,23.3,22.7,23.8,0,0.5,1.1,0,0,1
A0A291NH80,25.2,23.5,23.6,25.2,0,1.7,1.6,0,1,1
E3UTY8,23.2,19.6,19.5,23.2,0,3.6,3.7,0,1,1
A0A291NH69,21.8,18.8,17.8,21.8,0,3,4,0,1,1
M3VU84,20.8,22.7,21.9,22.7,1.9,0,0.8,1,0,0
A0A291NH98,22.9,21.6,22.1,22.9,0,1.3,0.8,0,1,0
A0A291NH32,21.4,19.7,19.8,21.4,0,1.7,1.6,0,1,1
A0A291NH99,22.9,22,22,22.9,0,0.9,0.9,0,0,0
A0A5F5XVX5,19.7,19.1,19.5,19.7,0,0.6,0.2,0,0,0
M3XG22,23.5,21.9,21.9,23.5,0,1.6,1.6,0,1,1
A0A291NH94,21.2,15.9,17.5,21.2,0,5.3,3.7,0,1,1
A0A291NH23,22.7,21,21.1,22.7,0,1.7,1.6,0,1,1
A0A2I2UNI7,18.5,20.8,21.7,21.7,3.2,0.9,0,1,0,0
A0A291NGV6,20,20.6,20.3,20.6,0.6,0,0.3,0,0,0
A0A291NGX3,23.1,21.7,22,23.1,0,1.4,1.1,0,1,1
A0A5F5XYD4,17.1,12.5,13,17.1,0,4.6,4.1,0,1,1
A0A291NGU3,27.1,26.5,26.1,27.1,0,0.6,1,0,0,0
A0A291NGW1,20,21.4,21.3,21.4,1.4,0,0.1,1,0,0
A0A291NGZ5,19.1,18.7,18.8,19.1,0,0.4,0.3,0,0,0
A0A291NHB2,21.5,18.8,19.9,21.5,0,2.7,1.6,0,1,1
A0A291NGU1,19.8,19.5,19.3,19.8,0,0.3,0.5,0,0,0
A0A5F5XTV7,19.4,15.8,18.1,19.4,0,3.6,1.3,0,1,1
A0A291NH88,26.4,23.8,23.9,26.4,0,2.6,2.5,0,1,1
A0A291NGX9,24.7,23.7,23.2,24.7,0,1,1.5,0,1,1
A0A5F5Y0A1,20.4,16,17.5,20.4,0,4.4,2.9,0,1,1
A0A291NH89,25.4,22.8,23.1,25.4,0,2.6,2.3,0,1,1
A0A291NH13,24.7,24.2,24.1,24.7,0,0.5,0.6,0,0,0
A0A291NGZ0,17.4,16.8,17,17.4,0,0.6,0.4,0,0,0
A0A291NGW0,17,18.2,18.3,18.3,1.3,0.1,0,1,0,0
A0A2I2UYJ1,18.2,12.8,12.2,18.2,0,5.4,6,0,1,1
A0A291NH06,21.6,19.6,19.6,21.6,0,2,2,0,1,1
A0A337S8X8,21.3,17.1,17.3,21.3,0,4.2,4,0,1,1
A0A291NGZ3,19.4,17.1,16.6,19.4,0,2.3,2.8,0,1,1
A0A291NH97,22.7,23.3,23.3,23.3,0.6,0,0,0,0,0
A0A291NGW7,24.2,23.4,23.5,24.2,0,0.8,0.7,0,0,0
A0A337SEH4,19.9,15.6,15.5,19.9,0,4.3,4.4,0,1,1
A0A2I2UTJ7,18.8,17.9,16.7,18.8,0,0.9,2.1,0,0,1
A0A291NH59,29.3,27,27.1,29.3,0,2.3,2.2,0,1,1
A0A5F5XIG1,24.8,20.8,20.8,24.8,0,4,4,0,1,1
A0A291NGX1,25,25.5,25.5,25.5,0.5,0,0,0,0,0
A0A2I2UC78,17.1,16.4,16.6,17.1,0,0.7,0.5,0,0,0
A0A291NGS0,19.2,19,19.7,19.7,0.5,0.7,0,0,0,0
A0A291NH78,23.3,22.5,22.9,23.3,0,0.8,0.4,0,0,0
A0A291NHB1,24.8,22.7,23.1,24.8,0,2.1,1.7,0,1,1
A0A337S574,19,16.3,16.8,19,0,2.7,2.2,0,1,1
A0A291NGX5,23.6,23.1,23.4,23.6,0,0.5,0.2,0,0,0
A0A5F5XP86,20.3,19.7,20,20.3,0,0.6,0.3,0,0,0
A0A291NGT7,22.1,23.6,23.9,23.9,1.8,0.3,0,1,0,0
A0A337SPY8,22.3,15.3,14.8,22.3,0,7,7.5,0,1,1
A0A337SNS0,19.3,17.6,17.8,19.3,0,1.7,1.5,0,1,1
A0A337SNT6,18.8,16.4,16.5,18.8,0,2.4,2.3,0,1,1
A0A291NGZ7,19.9,19.4,19.7,19.9,0,0.5,0.2,0,0,0
A0A2I2U998,19.1,17.5,17.4,19.1,0,1.6,1.7,0,1,1
A0A291NHB5,18.8,18,16.8,18.8,0,0.8,2,0,0,1
A0A291NGY4,23.6,22.7,22.5,23.6,0,0.9,1.1,0,0,1
A0A291NH86,19.9,18.9,19.2,19.9,0,1,0.7,0,1,0
A0A291NHA6,18.6,19.3,19.2,19.3,0.7,0,0.1,0,0,0
A0A291NGT5,25.1,23.6,23.5,25.1,0,1.5,1.6,0,1,1
A0A2I2U5I7,21,17.1,17,21,0,3.9,4,0,1,1
A0A291NH27,19,18.2,18.5,19,0,0.8,0.5,0,0,0
B5LX42,18.8,19.1,18.6,19.1,0.3,0,0.5,0,0,0
A0A5F5Y6H2,19,17.5,18.6,19,0,1.5,0.4,0,1,0
A0A291NH92,22,22.2,22.4,22.4,0.4,0.2,0,0,0,0
A0A5F5XI16,21.6,14.7,16.5,21.6,0,6.9,5.1,0,1,1
A0A2I2URM2,19.4,14.8,15.2,19.4,0,4.6,4.2,0,1,1
A0A5F5XFA5,19.3,18.9,18.7,19.3,0,0.4,0.6,0,0,0
A0A291NGS9,23.3,18.2,18.4,23.3,0,5.1,4.9,0,1,1
A0A2I2UJ66,16.4,14.9,15.2,16.4,0,1.5,1.2,0,1,1
A0A337SA71,26.1,25.5,25.7,26.1,0,0.6,0.4,0,0,0
A0A2I2U8P7,22.3,18.5,18.8,22.3,0,3.8,3.5,0,1,1
A0A291NHD4,19.9,19.5,18.3,19.9,0,0.4,1.6,0,0,1
A0A5F5XIK4,18.3,20.5,20.9,20.9,2.6,0.4,0,1,0,0
A0A291NH79,22.4,20.7,21.1,22.4,0,1.7,1.3,0,1,1
A0A291NGT4,19.9,18.9,18.9,19.9,0,1,1,0,1,0
